更新日期,更新時間,確診個案,排除個案,仍然住院接受檢查個案,符合呈報準則個案,死亡,出院,疑似個案,住院危殆個案,核酸檢測陽性的嚴重急性呼吸綜合症冠狀病毒2個案,快速抗原測試陽性的嚴重急性呼吸綜合症冠狀病毒2個案,update_time
2020-01-08,12:00,0.0,21.0,17.0,38.0,0,0.0,0.0,,,,2022-07-14 11:14:24.693486
2020-01-09,12:00,0.0,25.0,23.0,48.0,0,0.0,0.0,,,,2022-07-14 11:14:24.693486
2020-01-10,12:00,0.0,31.0,23.0,54.0,0,0.0,0.0,,,,2022-07-14 11:14:24.693486
2020-01-11,12:00,0.0,46.0,15.0,61.0,0,0.0,0.0,,,,2022-07-14 11:14:24.693486
2020-01-12,12:00,0.0,51.0,16.0,67.0,0,0.0,0.0,,,,2022-07-14 11:14:24.693486
2020-01-13,12:00,0.0,56.0,12.0,68.0,0,0.0,0.0,,,,2022-07-14 11:14:24.693486
2020-01-14,12:00,0.0,60.0,11.0,71.0,0,0.0,0.0,,,,2022-07-14 11:14:24.693486
2020-01-15,12:00,0.0,66.0,10.0,76.0,0,0.0,0.0,,,,2022-07-14 11:14:24.693486
2020-01-16,12:00,0.0,71.0,7.0,78.0,0,0.0,0.0,,,,2022-07-14 11:14:24.693486
2020-01-17,12:00,0.0,75.0,6.0,81.0,0,0.0,0.0,,,,2022-07-14 11:14:24.693486
2020-01-18,12:00,0.0,76.0,14.0,90.0,0,0.0,0.0,,,,2022-07-14 11:14:24.693486
2020-01-19,12:00,0.0,80.0,19.0,99.0,0,0.0,0.0,,,,2022-07-14 11:14:24.693486
2020-01-20,12:00,0.0,81.0,25.0,106.0,0,0.0,0.0,,,,2022-07-14 11:14:24.693486
2020-01-21,12:00,0.0,88.0,30.0,118.0,0,0.0,0.0,,,,2022-07-14 11:14:24.693486
2020-01-22,12:00,0.0,97.0,38.0,135.0,0,0.0,0.0,,,,2022-07-14 11:14:24.693486
2020-01-23,12:00,2.0,109.0,65.0,176.0,0,0.0,0.0,,,,2022-07-14 11:14:24.693486
2020-01-24,12:00,5.0,122.0,117.0,244.0,0,0.0,0.0,,,,2022-07-14 11:14:24.693486
2020-01-25,12:00,5.0,163.0,137.0,305.0,0,0.0,0.0,,,,2022-07-14 11:14:24.693486
2020-01-26,12:00,8.0,219.0,155.0,382.0,0,0.0,0.0,,,,2022-07-14 11:14:24.693486
2020-01-27,12:00,8.0,276.0,167.0,451.0,0,0.0,0.0,,,,2022-07-14 11:14:24.693486
2020-01-28,12:00,8.0,332.0,189.0,529.0,0,0.0,0.0,,,,2022-07-14 11:14:24.693486
2020-01-29,12:00,10.0,416.0,159.0,585.0,0,0.0,0.0,,,,2022-07-14 11:14:24.693486
2020-01-30,23:59,12.0,478.0,191.0,680.0,0,0.0,0.0,,,,2022-07-14 11:14:24.693486
2020-01-31,12:00,13.0,550.0,203.0,766.0,0,0.0,0.0,,,,2022-07-14 11:14:24.693486
2020-02-01,23:59,14.0,634.0,188.0,835.0,0,0.0,0.0,,,,2022-07-14 11:14:24.693486
2020-02-02,12:00,15.0,699.0,168.0,882.0,0,0.0,0.0,,,,2022-07-14 11:14:24.693486
2020-02-03,12:00,15.0,744.0,159.0,918.0,0,0.0,0.0,,,,2022-07-14 11:14:24.693486
2020-02-04,23:59,18.0,808.0,157.0,982.0,1,0.0,0.0,,,,2022-07-14 11:14:24.693486
2020-02-05,12:00,21.0,868.0,154.0,1043.0,1,0.0,0.0,,,,2022-07-14 11:14:24.693486
2020-02-06,23:59,24.0,920.0,158.0,1100.0,1,0.0,0.0,,,,2022-07-14 11:14:24.693486
2020-02-07,23:59,26.0,975.0,158.0,1158.0,1,0.0,0.0,,,,2022-07-14 11:14:24.693486
2020-02-08,12:00,26.0,1035.0,141.0,1202.0,1,0.0,0.0,,,,2022-07-14 11:14:24.693486
2020-02-09,12:00,36.0,1066.0,129.0,1231.0,1,0.0,0.0,,,,2022-07-14 11:14:24.693486
2020-02-10,23:59,42.0,1089.0,143.0,1273.0,1,0.0,0.0,,,,2022-07-14 11:14:24.693486
2020-02-11,23:59,49.0,1123.0,154.0,1325.0,1,0.0,0.0,,,,2022-07-14 11:14:24.693486
2020-02-12,12:00,50.0,1164.0,170.0,1384.0,1,1.0,0.0,,,,2022-07-14 11:14:24.693486
2020-02-13,12:00,53.0,1222.0,161.0,1436.0,1,1.0,0.0,,,,2022-07-14 11:14:24.693486
2020-02-14,12:00,56.0,1274.0,142.0,1472.0,1,1.0,0.0,,,,2022-07-14 11:14:24.693486
2020-02-15,12:00,56.0,1312.0,149.0,1517.0,1,1.0,0.0,,,,2022-07-14 11:14:24.693486
2020-02-16,12:00,57.0,1341.0,136.0,1534.0,1,2.0,0.0,,,,2022-07-14 11:14:24.693486
2020-02-17,12:00,60.0,1366.0,123.0,1549.0,1,2.0,0.0,,,,2022-07-14 11:14:24.693486
2020-02-18,12:00,61.0,1384.0,133.0,1578.0,1,4.0,0.0,,,,2022-07-14 11:14:24.693486
2020-02-19,12:00,63.0,1417.0,129.0,1609.0,2,5.0,0.0,,,,2022-07-14 11:14:24.693486
2020-02-20,12:00,67.0,1448.0,113.0,1628.0,2,5.0,0.0,,,,2022-07-14 11:14:24.693486
2020-02-21,12:00,68.0,1472.0,111.0,1652.0,2,6.0,1.0,,,,2022-07-14 11:14:24.693486
2020-02-22,12:00,68.0,1494.0,108.0,1671.0,2,11.0,1.0,,,,2022-07-14 11:14:24.693486
2020-02-23,12:00,74.0,1510.0,119.0,1703.0,2,12.0,0.0,,,,2022-07-14 11:14:24.693486
2020-02-24,12:00,77.0,1538.0,116.0,1731.0,2,19.0,0.0,,,,2022-07-14 11:14:24.693486
2020-02-25,12:00,85.0,1566.0,112.0,1763.0,2,18.0,0.0,,,,2022-07-14 11:14:24.693486
2020-02-26,12:00,91.0,1601.0,128.0,1820.0,2,24.0,0.0,,,,2022-07-14 11:14:24.693486
2020-02-27,12:00,92.0,1663.0,134.0,1889.0,2,26.0,0.0,,,,2022-07-14 11:14:24.693486
2020-02-28,12:00,94.0,1718.0,124.0,1936.0,2,30.0,0.0,,,,2022-07-14 11:14:24.693486
2020-02-29,12:00,94.0,1770.0,120.0,1984.0,2,33.0,0.0,,,,2022-07-14 11:14:24.693486
2020-03-01,12:00,97.0,1805.0,129.0,2033.0,2,36.0,2.0,,,,2022-07-14 11:14:24.693486
2020-03-02,12:00,99.0,1853.0,135.0,2088.0,2,36.0,1.0,,,,2022-07-14 11:14:24.693486
2020-03-03,12:00,100.0,1898.0,136.0,2135.0,2,37.0,1.0,,,,2022-07-14 11:14:24.693486
2020-03-04,12:00,103.0,1940.0,134.0,2178.0,2,43.0,1.0,,,,2022-07-14 11:14:24.693486
2020-03-05,12:00,104.0,1979.0,127.0,2211.0,2,46.0,1.0,,,,2022-07-14 11:14:24.693486
2020-03-06,12:00,106.0,2011.0,131.0,2249.0,2,51.0,1.0,,,,2022-07-14 11:14:24.693486
2020-03-07,12:00,108.0,2055.0,117.0,2281.0,2,55.0,1.0,,,,2022-07-14 11:14:24.693486
2020-03-08,12:00,113.0,2079.0,113.0,2306.0,3,59.0,1.0,,,,2022-07-14 11:14:24.693486
2020-03-09,12:00,115.0,2096.0,134.0,2346.0,3,60.0,1.0,,,,2022-07-14 11:14:24.693486
2020-03-10,12:00,117.0,2132.0,136.0,2386.0,3,65.0,1.0,,,,2022-07-14 11:14:24.693486
2020-03-11,12:00,129.0,2156.0,146.0,2432.0,3,67.0,1.0,,,,2022-07-14 11:14:24.693486
2020-03-12,12:00,130.0,2190.0,155.0,2476.0,3,75.0,1.0,,,,2022-07-14 11:14:24.693486
2020-03-13,12:00,132.0,2234.0,156.0,2523.0,4,78.0,1.0,,,,2022-07-14 11:14:24.693486
2020-03-14,12:00,139.0,2288.0,153.0,2581.0,4,81.0,1.0,,,,2022-07-14 11:14:24.693486
2020-03-15,12:00,147.0,2330.0,167.0,2645.0,4,84.0,1.0,,,,2022-07-14 11:14:24.693486
2020-03-16,12:00,156.0,2395.0,174.0,2726.0,4,88.0,1.0,,,,2022-07-14 11:14:24.693486
2020-03-17,12:00,164.0,2451.0,270.0,2886.0,4,92.0,1.0,,,,2022-07-14 11:14:24.693486
2020-03-18,12:00,184.0,2636.0,238.0,3059.0,4,95.0,1.0,,,,2022-07-14 11:14:24.693486
2020-03-19,12:00,206.0,2752.0,362.0,3321.0,4,98.0,1.0,,,,2022-07-14 11:14:24.693486
2020-03-20,12:00,250.0,3046.0,291.0,3588.0,4,98.0,1.0,,,,2022-07-14 11:14:24.693486
2020-03-21,16:00,273.0,3248.0,311.0,3831.0,4,100.0,1.0,,,,2022-07-14 11:14:24.693486
2020-03-22,16:00,317.0,3327.0,464.0,4096.0,4,100.0,1.0,,,,2022-07-14 11:14:24.693486
2020-03-23,16:00,351.0,3647.0,310.0,4309.0,4,101.0,1.0,,,,2022-07-14 11:14:24.693486
2020-03-24,16:00,382.0,3881.0,293.0,4557.0,4,102.0,1.0,,,,2022-07-14 11:14:24.693486
2020-03-25,16:00,407.0,4054.0,301.0,4756.0,4,106.0,1.0,,,,2022-07-14 11:14:24.693486
2020-03-26,16:00,452.0,4251.0,262.0,4966.0,4,110.0,1.0,,,,2022-07-14 11:14:24.693486
2020-03-27,16:00,494.0,4573.0,224.0,5292.0,4,111.0,1.0,,,,2022-07-14 11:14:24.693486
2020-03-28,12:00,526.0,4834.0,233.0,5594.0,4,112.0,1.0,,,,2022-07-14 11:14:24.693486
2020-03-29,12:00,577.0,5023.0,197.0,5798.0,4,118.0,1.0,,,,2022-07-14 11:14:24.693486
2020-03-30,12:00,623.0,5181.0,184.0,5989.0,4,124.0,1.0,,,,2022-07-14 11:14:24.693486
2020-03-31,12:00,680.0,5393.0,197.0,6271.0,4,128.0,1.0,,,,2022-07-14 11:14:24.693486
2020-04-01,12:00,737.0,5564.0,149.0,6451.0,4,147.0,1.0,,,,2022-07-14 11:14:24.693486
2020-04-02,12:00,784.0,5671.0,141.0,6597.0,4,154.0,1.0,,,,2022-07-14 11:14:24.693486
2020-04-03,12:00,831.0,5757.0,133.0,6722.0,4,173.0,1.0,,,,2022-07-14 11:14:24.693486
2020-04-04,12:00,853.0,5883.0,151.0,6888.0,4,186.0,1.0,,,,2022-07-14 11:14:24.693486
2020-04-05,12:00,882.0,6057.0,132.0,7072.0,4,206.0,1.0,,,,2022-07-14 11:14:24.693486
2020-04-06,12:00,914.0,,,,4,216.0,1.0,12.0,,,2022-07-14 11:14:24.693486
2020-04-07,12:00,935.0,,,,4,236.0,1.0,14.0,,,2022-07-14 11:14:24.693486
2020-04-08,12:00,960.0,,,,4,264.0,1.0,14.0,,,2022-07-14 11:14:24.693486
2020-04-09,12:00,973.0,,,,4,293.0,1.0,14.0,,,2022-07-14 11:14:24.693486
2020-04-10,12:00,989.0,,,,4,309.0,1.0,15.0,,,2022-07-14 11:14:24.693486
2020-04-11,12:00,1000.0,,,,4,336.0,1.0,14.0,,,2022-07-14 11:14:24.693486
2020-04-12,12:00,1004.0,,,,4,360.0,1.0,13.0,,,2022-07-14 11:14:24.693486
2020-04-13,12:00,1009.0,,,,4,397.0,1.0,13.0,,,2022-07-14 11:14:24.693486
2020-04-14,12:00,1012.0,,,,4,434.0,1.0,13.0,,,2022-07-14 11:14:24.693486
2020-04-15,12:00,1016.0,,,,4,459.0,1.0,10.0,,,2022-07-14 11:14:24.693486
2020-04-16,12:00,1017.0,,,,4,485.0,1.0,9.0,,,2022-07-14 11:14:24.693486
2020-04-17,12:00,1021.0,,,,4,532.0,1.0,9.0,,,2022-07-14 11:14:24.693486
2020-04-18,12:00,1023.0,,,,4,568.0,1.0,9.0,,,2022-07-14 11:14:24.693486
2020-04-19,12:00,1025.0,,,,4,602.0,1.0,8.0,,,2022-07-14 11:14:24.693486
2020-04-20,12:00,1025.0,,,,4,630.0,1.0,8.0,,,2022-07-14 11:14:24.693486
2020-04-21,12:00,1029.0,,,,4,650.0,1.0,8.0,,,2022-07-14 11:14:24.693486
2020-04-22,12:00,1033.0,,,,4,678.0,1.0,8.0,,,2022-07-14 11:14:24.693486
2020-04-23,12:00,1035.0,,,,4,699.0,1.0,9.0,,,2022-07-14 11:14:24.693486
2020-04-24,12:00,1035.0,,,,4,725.0,1.0,7.0,,,2022-07-14 11:14:24.693486
2020-04-25,12:00,1037.0,,,,4,753.0,1.0,4.0,,,2022-07-14 11:14:24.693486
2020-04-26,12:00,1037.0,,,,4,772.0,1.0,4.0,,,2022-07-14 11:14:24.693486
2020-04-27,12:00,1037.0,,,,4,787.0,1.0,4.0,,,2022-07-14 11:14:24.693486
2020-04-28,12:00,1037.0,,,,4,811.0,1.0,4.0,,,2022-07-14 11:14:24.693486
2020-04-29,12:00,1037.0,,,,4,830.0,1.0,4.0,,,2022-07-14 11:14:24.693486
2020-04-30,12:00,1037.0,,,,4,846.0,1.0,4.0,,,2022-07-14 11:14:24.693486
2020-05-01,12:00,1039.0,,,,4,859.0,1.0,4.0,,,2022-07-14 11:14:24.693486
2020-05-02,12:00,1039.0,,,,4,864.0,1.0,4.0,,,2022-07-14 11:14:24.693486
2020-05-03,12:00,1039.0,,,,4,879.0,1.0,3.0,,,2022-07-14 11:14:24.693486
2020-05-04,12:00,1040.0,,,,4,900.0,1.0,1.0,,,2022-07-14 11:14:24.693486
2020-05-05,12:00,1040.0,,,,4,920.0,1.0,1.0,,,2022-07-14 11:14:24.693486
2020-05-06,12:00,1040.0,,,,4,932.0,1.0,2.0,,,2022-07-14 11:14:24.693486
2020-05-07,12:00,1044.0,,,,4,944.0,1.0,1.0,,,2022-07-14 11:14:24.693486
2020-05-08,12:00,1044.0,,,,4,960.0,1.0,1.0,,,2022-07-14 11:14:24.693486
2020-05-09,12:00,1044.0,,,,4,967.0,1.0,1.0,,,2022-07-14 11:14:24.693486
2020-05-10,12:00,1047.0,,,,4,982.0,1.0,1.0,,,2022-07-14 11:14:24.693486
2020-05-11,12:00,1047.0,,,,4,985.0,1.0,1.0,,,2022-07-14 11:14:24.693486
2020-05-12,12:00,1047.0,,,,4,991.0,1.0,1.0,,,2022-07-14 11:14:24.693486
2020-05-13,12:00,1050.0,,,,4,1008.0,1.0,1.0,,,2022-07-14 11:14:24.693486
2020-05-14,12:00,1051.0,,,,4,1009.0,1.0,1.0,,,2022-07-14 11:14:24.693486
2020-05-15,12:00,1052.0,,,,4,1019.0,1.0,1.0,,,2022-07-14 11:14:24.693486
2020-05-16,12:00,1052.0,,,,4,1022.0,1.0,1.0,,,2022-07-14 11:14:24.693486
2020-05-17,12:00,1055.0,,,,4,1024.0,1.0,1.0,,,2022-07-14 11:14:24.693486
2020-05-18,12:00,1055.0,,,,4,1025.0,1.0,1.0,,,2022-07-14 11:14:24.693486
2020-05-19,12:00,1055.0,,,,4,1025.0,1.0,1.0,,,2022-07-14 11:14:24.693486
2020-05-20,12:00,1055.0,,,,4,1026.0,1.0,1.0,,,2022-07-14 11:14:24.693486
2020-05-21,12:00,1063.0,,,,4,1029.0,1.0,1.0,,,2022-07-14 11:14:24.693486
2020-05-22,12:00,1065.0,,,,4,1029.0,1.0,1.0,,,2022-07-14 11:14:24.693486
2020-05-23,12:00,1065.0,,,,4,1029.0,1.0,1.0,,,2022-07-14 11:14:24.693486
2020-05-24,12:00,1065.0,,,,4,1030.0,1.0,1.0,,,2022-07-14 11:14:24.693486
2020-05-25,12:00,1065.0,,,,4,1030.0,1.0,0.0,,,2022-07-14 11:14:24.693486
2020-05-26,12:00,1065.0,,,,4,1033.0,1.0,1.0,,,2022-07-14 11:14:24.693486
2020-05-27,12:00,1066.0,,,,4,1034.0,1.0,1.0,,,2022-07-14 11:14:24.693486
2020-05-28,12:00,1066.0,,,,4,1035.0,1.0,1.0,,,2022-07-14 11:14:24.693486
2020-05-29,12:00,1079.0,,,,4,1035.0,1.0,1.0,,,2022-07-14 11:14:24.693486
2020-05-30,12:00,1082.0,,,,4,1036.0,1.0,1.0,,,2022-07-14 11:14:24.693486
2020-05-31,12:00,1084.0,,,,4,1037.0,1.0,2.0,,,2022-07-14 11:14:24.693486
2020-06-01,12:00,1087.0,,,,4,1037.0,1.0,2.0,,,2022-07-14 11:14:24.693486
2020-06-02,12:00,1093.0,,,,4,1038.0,1.0,2.0,,,2022-07-14 11:14:24.693486
2020-06-03,12:00,1093.0,,,,4,1039.0,1.0,2.0,,,2022-07-14 11:14:24.693486
2020-06-04,12:00,1099.0,,,,4,1042.0,1.0,2.0,,,2022-07-14 11:14:24.693486
2020-06-05,12:00,1102.0,,,,4,1045.0,1.0,2.0,,,2022-07-14 11:14:24.693486
2020-06-06,12:00,1105.0,,,,4,1048.0,1.0,2.0,,,2022-07-14 11:14:24.693486
2020-06-07,12:00,1106.0,,,,4,1049.0,1.0,2.0,,,2022-07-14 11:14:24.693486
2020-06-08,12:00,1107.0,,,,4,1049.0,1.0,3.0,,,2022-07-14 11:14:24.693486
2020-06-09,12:00,1107.0,,,,4,1050.0,1.0,3.0,,,2022-07-14 11:14:24.693486
2020-06-10,12:00,1107.0,,,,4,1051.0,1.0,4.0,,,2022-07-14 11:14:24.693486
2020-06-11,12:00,1107.0,,,,4,1055.0,1.0,4.0,,,2022-07-14 11:14:24.693486
2020-06-12,12:00,1108.0,,,,4,1060.0,1.0,3.0,,,2022-07-14 11:14:24.693486
2020-06-13,12:00,1109.0,,,,4,1061.0,1.0,3.0,,,2022-07-14 11:14:24.693486
2020-06-14,12:00,1109.0,,,,4,1067.0,1.0,3.0,,,2022-07-14 11:14:24.693486
2020-06-15,12:00,1112.0,,,,4,1067.0,1.0,3.0,,,2022-07-14 11:14:24.693486
2020-06-16,12:00,1112.0,,,,4,1069.0,1.0,3.0,,,2022-07-14 11:14:24.693486
2020-06-17,12:00,1120.0,,,,4,1071.0,1.0,3.0,,,2022-07-14 11:14:24.693486
2020-06-18,12:00,1124.0,,,,4,1072.0,1.0,3.0,,,2022-07-14 11:14:24.693486
2020-06-19,12:00,1127.0,,,,4,1074.0,1.0,3.0,,,2022-07-14 11:14:24.693486
2020-06-20,12:00,1128.0,,,,4,1077.0,1.0,3.0,,,2022-07-14 11:14:24.693486
2020-06-21,12:00,1131.0,,,,5,1078.0,1.0,2.0,,,2022-07-14 11:14:24.693486
2020-06-22,12:00,1161.0,,,,5,1078.0,1.0,2.0,,,2022-07-14 11:14:24.693486
2020-06-23,12:00,1177.0,,,,6,1083.0,1.0,1.0,,,2022-07-14 11:14:24.693486
2020-06-24,12:00,1179.0,,,,6,1086.0,1.0,1.0,,,2022-07-14 11:14:24.693486
2020-06-25,12:00,1193.0,,,,7,1088.0,1.0,1.0,,,2022-07-14 11:14:24.693486
2020-06-26,12:00,1196.0,,,,7,1091.0,1.0,1.0,,,2022-07-14 11:14:24.693486
2020-06-27,12:00,1197.0,,,,7,1095.0,1.0,1.0,,,2022-07-14 11:14:24.693486
2020-06-28,12:00,1199.0,,,,7,1104.0,1.0,1.0,,,2022-07-14 11:14:24.693486
2020-06-29,12:00,1203.0,,,,7,1105.0,1.0,1.0,,,2022-07-14 11:14:24.693486
2020-06-30,12:00,1205.0,,,,7,1107.0,1.0,1.0,,,2022-07-14 11:14:24.693486
2020-07-01,12:00,1233.0,,,,7,1117.0,1.0,1.0,,,2022-07-14 11:14:24.693486
2020-07-02,12:00,1242.0,,,,7,1120.0,1.0,1.0,,,2022-07-14 11:14:24.693486
2020-07-03,12:00,1247.0,,,,7,1125.0,1.0,1.0,,,2022-07-14 11:14:24.693486
2020-07-04,12:00,1258.0,,,,7,1145.0,1.0,1.0,,,2022-07-14 11:14:24.693486
2020-07-05,12:00,1268.0,,,,7,1156.0,1.0,1.0,,,2022-07-14 11:14:24.693486
2020-07-06,12:00,1285.0,,,,7,1157.0,1.0,1.0,,,2022-07-14 11:14:24.693486
2020-07-07,12:00,1299.0,,,,7,1161.0,1.0,1.0,,,2022-07-14 11:14:24.693486
2020-07-08,12:00,1323.0,,,,7,1167.0,1.0,1.0,,,2022-07-14 11:14:24.693486
2020-07-09,12:00,1365.0,,,,7,1176.0,1.0,2.0,,,2022-07-14 11:14:24.693486
2020-07-10,12:00,1403.0,,,,7,1187.0,1.0,2.0,,,2022-07-14 11:14:24.693486
2020-07-11,12:00,1431.0,,,,7,1197.0,1.0,2.0,,,2022-07-14 11:14:24.693486
2020-07-12,12:00,1469.0,,,,7,1214.0,1.0,4.0,,,2022-07-14 11:14:24.693486
2020-07-13,12:00,1521.0,,,,7,1217.0,1.0,5.0,,,2022-07-14 11:14:24.693486
2020-07-14,12:00,1569.0,,,,8,1229.0,1.0,6.0,,,2022-07-14 11:14:24.693486
2020-07-15,12:00,1588.0,,,,8,1241.0,1.0,7.0,,,2022-07-14 11:14:24.693486
2020-07-16,12:00,1655.0,,,,10,1254.0,1.0,6.0,,,2022-07-14 11:14:24.693486
2020-07-17,12:00,1713.0,,,,10,1264.0,1.0,8.0,,,2022-07-14 11:14:24.693486
2020-07-18,12:00,1777.0,,,,12,1274.0,1.0,13.0,,,2022-07-14 11:14:24.693486
2020-07-19,12:00,1885.0,,,,12,1294.0,1.0,19.0,,,2022-07-14 11:14:24.693486
2020-07-20,,1958.0,,,,12,1301.0,1.0,23.0,,,2022-07-14 11:14:24.693486
2020-07-21,,2018.0,,,,14,1324.0,1.0,29.0,,,2022-07-14 11:14:24.693486
2020-07-22,,2131.0,,,,14,1344.0,1.0,29.0,,,2022-07-14 11:14:24.693486
2020-07-23,,2249.0,,,,15,1379.0,1.0,33.0,,,2022-07-14 11:14:24.693486
2020-07-24,,2372.0,,,,16,1407.0,1.0,34.0,,,2022-07-14 11:14:24.693486
2020-07-25,,2505.0,,,,18,1455.0,1.0,37.0,,,2022-07-14 11:14:24.693486
2020-07-26,,2633.0,,,,18,1495.0,1.0,40.0,,,2022-07-14 11:14:24.693486
2020-07-27,,2778.0,,,,22,1486.0,1.0,38.0,,,2022-07-14 11:14:24.693486
2020-07-28,,2884.0,,,,22,1527.0,1.0,39.0,,,2022-07-14 11:14:24.693486
2020-07-29,,3002.0,,,,24,1591.0,1.0,38.0,,,2022-07-14 11:14:24.693486
2020-07-30,,3151.0,,,,24,1660.0,1.0,39.0,,,2022-07-14 11:14:24.693486
2020-07-31,,3272.0,,,,27,1751.0,1.0,43.0,,,2022-07-14 11:14:24.693486
2020-08-01,,3396.0,,,,31,1858.0,1.0,34.0,,,2022-07-14 11:14:24.693486
2020-08-02,,3511.0,,,,34,1959.0,1.0,34.0,,,2022-07-14 11:14:24.693486
2020-08-03,,3589.0,,,,37,2037.0,1.0,43.0,,,2022-07-14 11:14:24.693486
2020-08-04,,3669.0,,,,41,2141.0,1.0,43.0,,,2022-07-14 11:14:24.693486
2020-08-05,,3754.0,,,,43,2314.0,1.0,44.0,,,2022-07-14 11:14:24.693486
2020-08-06,,3849.0,,,,44,2458.0,1.0,39.0,,,2022-07-14 11:14:24.693486
2020-08-07,,3938.0,,,,46,2620.0,1.0,41.0,,,2022-07-14 11:14:24.693486
2020-08-08,,4007.0,,,,47,2755.0,1.0,45.0,,,2022-07-14 11:14:24.693486
2020-08-09,,4079.0,,,,51,2847.0,1.0,41.0,,,2022-07-14 11:14:24.693486
2020-08-10,,4148.0,,,,54,2917.0,1.0,36.0,,,2022-07-14 11:14:24.693486
2020-08-11,,4181.0,,,,58,3052.0,1.0,32.0,,,2022-07-14 11:14:24.693486
2020-08-12,,4243.0,,,,63,3189.0,1.0,30.0,,,2022-07-14 11:14:24.693486
2020-08-13,,4312.0,,,,65,3295.0,1.0,32.0,,,2022-07-14 11:14:24.693486
2020-08-14,,4360.0,,,,66,3392.0,1.0,30.0,,,2022-07-14 11:14:24.693486
2020-08-15,,4406.0,,,,68,3488.0,1.0,27.0,,,2022-07-14 11:14:24.693486
2020-08-16,,4480.0,,,,69,3549.0,1.0,27.0,,,2022-07-14 11:14:24.693486
2020-08-17,,4524.0,,,,69,3599.0,1.0,29.0,,,2022-07-14 11:14:24.693486
2020-08-18,,4560.0,,,,70,3677.0,1.0,31.0,,,2022-07-14 11:14:24.693486
2020-08-19,,4586.0,,,,72,3779.0,1.0,29.0,,,2022-07-14 11:14:24.693486
2020-08-20,,4604.0,,,,73,3827.0,1.0,31.0,,,2022-07-14 11:14:24.693486
2020-08-21,,4631.0,,,,75,3900.0,1.0,30.0,,,2022-07-14 11:14:24.693486
2020-08-22,,4657.0,,,,76,3974.0,1.0,29.0,,,2022-07-14 11:14:24.693486
2020-08-23,,4682.0,,,,77,4018.0,1.0,26.0,,,2022-07-14 11:14:24.693486
2020-08-24,,4691.0,,,,77,4052.0,1.0,27.0,,,2022-07-14 11:14:24.693486
2020-08-25,,4710.0,,,,77,4108.0,1.0,27.0,,,2022-07-14 11:14:24.693486
2020-08-26,,4734.0,,,,78,4161.0,1.0,27.0,,,2022-07-14 11:14:24.693486
2020-08-27,,4755.0,,,,79,4200.0,1.0,25.0,,,2022-07-14 11:14:24.693486
2020-08-28,,4768.0,,,,84,4249.0,1.0,25.0,,,2022-07-14 11:14:24.693486
2020-08-29,,4786.0,,,,86,4287.0,1.0,23.0,,,2022-07-14 11:14:24.693486
2020-08-30,,4801.0,,,,88,4320.0,1.0,23.0,,,2022-07-14 11:14:24.693486
2020-08-31,,4810.0,,,,89,4342.0,1.0,26.0,,,2022-07-14 11:14:24.693486
2020-09-01,,4822.0,,,,90,4380.0,1.0,25.0,,,2022-07-14 11:14:24.693486
2020-09-02,,4830.0,,,,93,4401.0,1.0,25.0,,,2022-07-14 11:14:24.693486
2020-09-03,,4838.0,,,,94,4431.0,1.0,25.0,,,2022-07-14 11:14:24.693486
2020-09-04,,4850.0,,,,94,4456.0,1.0,26.0,,,2022-07-14 11:14:24.693486
2020-09-05,,4857.0,,,,94,4493.0,1.0,23.0,,,2022-07-14 11:14:24.693486
2020-09-06,,4878.0,,,,95,4511.0,1.0,22.0,,,2022-07-14 11:14:24.693486
2020-09-07,,4889.0,,,,98,4524.0,1.0,20.0,,,2022-07-14 11:14:24.693486
2020-09-08,,4895.0,,,,99,4543.0,1.0,21.0,,,2022-07-14 11:14:24.693486
2020-09-09,,4901.0,,,,99,4557.0,1.0,21.0,,,2022-07-14 11:14:24.693486
2020-09-10,,4913.0,,,,99,4582.0,1.0,21.0,,,2022-07-14 11:14:24.693486
2020-09-11,,4925.0,,,,99,4597.0,1.0,21.0,,,2022-07-14 11:14:24.693486
2020-09-12,,4938.0,,,,100,4613.0,1.0,21.0,,,2022-07-14 11:14:24.693486
2020-09-13,,4957.0,,,,100,4630.0,1.0,21.0,,,2022-07-14 11:14:24.693486
2020-09-14,,4971.0,,,,101,4635.0,1.0,21.0,,,2022-07-14 11:14:24.693486
2020-09-15,,4975.0,,,,101,4646.0,1.0,18.0,,,2022-07-14 11:14:24.693486
2020-09-16,,4984.0,,,,102,4663.0,1.0,16.0,,,2022-07-14 11:14:24.693486
2020-09-17,,4993.0,,,,102,4682.0,1.0,14.0,,,2022-07-14 11:14:24.693486
2020-09-18,,4996.0,,,,103,4696.0,1.0,13.0,,,2022-07-14 11:14:24.693486
2020-09-19,,5009.0,,,,103,4708.0,1.0,13.0,,,2022-07-14 11:14:24.693486
2020-09-20,,5032.0,,,,103,4712.0,1.0,13.0,,,2022-07-14 11:14:24.693486
2020-09-21,,5038.0,,,,103,4717.0,1.0,13.0,,,2022-07-14 11:14:24.693486
2020-09-22,,5046.0,,,,103,4729.0,1.0,13.0,,,2022-07-14 11:14:24.693486
2020-09-23,,5049.0,,,,103,4749.0,1.0,12.0,,,2022-07-14 11:14:24.693486
2020-09-24,,5056.0,,,,104,4758.0,1.0,13.0,,,2022-07-14 11:14:24.693486
2020-09-25,,5058.0,,,,104,4765.0,1.0,12.0,,,2022-07-14 11:14:24.693486
2020-09-26,,5059.0,,,,105,4777.0,1.0,11.0,,,2022-07-14 11:14:24.693486
2020-09-27,,5065.0,,,,105,4786.0,1.0,11.0,,,2022-07-14 11:14:24.693486
2020-09-28,,5075.0,,,,105,4790.0,1.0,11.0,,,2022-07-14 11:14:24.693486
2020-09-29,,5079.0,,,,105,4807.0,1.0,11.0,,,2022-07-14 11:14:24.693486
2020-09-30,,5087.0,,,,105,4827.0,1.0,10.0,,,2022-07-14 11:14:24.693486
2020-10-01,,5097.0,,,,105,4837.0,1.0,10.0,,,2022-07-14 11:14:24.693486
2020-10-02,,5104.0,,,,105,4843.0,1.0,10.0,,,2022-07-14 11:14:24.693486
2020-10-03,,5108.0,,,,105,4849.0,1.0,10.0,,,2022-07-14 11:14:24.693486
2020-10-04,,5113.0,,,,105,4861.0,1.0,10.0,,,2022-07-14 11:14:24.693486
2020-10-05,,5124.0,,,,105,4864.0,1.0,11.0,,,2022-07-14 11:14:24.693486
2020-10-06,,5132.0,,,,105,4875.0,1.0,10.0,,,2022-07-14 11:14:24.693486
2020-10-07,,5143.0,,,,105,4885.0,1.0,10.0,,,2022-07-14 11:14:24.693486
2020-10-08,,5161.0,,,,105,4890.0,1.0,10.0,,,2022-07-14 11:14:24.693486
2020-10-09,,5169.0,,,,105,4906.0,1.0,9.0,,,2022-07-14 11:14:24.693486
2020-10-10,,5175.0,,,,105,4914.0,1.0,8.0,,,2022-07-14 11:14:24.693486
2020-10-11,,5182.0,,,,105,4919.0,1.0,8.0,,,2022-07-14 11:14:24.693486
2020-10-12,,5193.0,,,,105,4921.0,1.0,8.0,,,2022-07-14 11:14:24.693486
2020-10-13,,5201.0,,,,105,4931.0,1.0,10.0,,,2022-07-14 11:14:24.693486
2020-10-14,,5201.0,,,,105,4932.0,1.0,11.0,,,2022-07-14 11:14:24.693486
2020-10-15,,5213.0,,,,105,4943.0,1.0,12.0,,,2022-07-14 11:14:24.693486
2020-10-16,,5220.0,,,,105,4951.0,1.0,12.0,,,2022-07-14 11:14:24.693486
2020-10-17,,5237.0,,,,105,4963.0,1.0,12.0,,,2022-07-14 11:14:24.693486
2020-10-18,,5241.0,,,,105,4973.0,1.0,12.0,,,2022-07-14 11:14:24.693486
2020-10-19,,5256.0,,,,105,4982.0,1.0,12.0,,,2022-07-14 11:14:24.693486
2020-10-20,,5261.0,,,,105,4996.0,1.0,12.0,,,2022-07-14 11:14:24.693486
2020-10-21,,5269.0,,,,105,5004.0,1.0,13.0,,,2022-07-14 11:14:24.693486
2020-10-22,,5280.0,,,,105,5019.0,1.0,13.0,,,2022-07-14 11:14:24.693486
2020-10-23,,5284.0,,,,105,5029.0,1.0,13.0,,,2022-07-14 11:14:24.693486
2020-10-24,,5289.0,,,,105,5041.0,1.0,12.0,,,2022-07-14 11:14:24.693486
2020-10-25,,5295.0,,,,105,5047.0,1.0,12.0,,,2022-07-14 11:14:24.693486
2020-10-26,,5303.0,,,,105,5050.0,1.0,12.0,,,2022-07-14 11:14:24.693486
2020-10-27,,5308.0,,,,105,5053.0,1.0,11.0,,,2022-07-14 11:14:24.693486
2020-10-28,,5310.0,,,,105,5063.0,1.0,10.0,,,2022-07-14 11:14:24.693486
2020-10-29,,5313.0,,,,105,5073.0,1.0,9.0,,,2022-07-14 11:14:24.693486
2020-10-30,,5320.0,,,,105,5082.0,1.0,9.0,,,2022-07-14 11:14:24.693486
2020-10-31,,5323.0,,,,105,5089.0,1.0,9.0,,,2022-07-14 11:14:24.693486
2020-11-01,,5330.0,,,,105,5096.0,1.0,9.0,,,2022-07-14 11:14:24.693486
2020-11-02,,5336.0,,,,105,5102.0,1.0,9.0,,,2022-07-14 11:14:24.693486
2020-11-03,,5345.0,,,,105,5109.0,1.0,9.0,,,2022-07-14 11:14:24.693486
2020-11-04,,5348.0,,,,106,5118.0,1.0,8.0,,,2022-07-14 11:14:24.693486
2020-11-05,,5355.0,,,,106,5126.0,1.0,8.0,,,2022-07-14 11:14:24.693486
2020-11-06,,5361.0,,,,107,5131.0,1.0,8.0,,,2022-07-14 11:14:24.693486
2020-11-07,,5364.0,,,,107,5139.0,1.0,7.0,,,2022-07-14 11:14:24.693486
2020-11-08,,5374.0,,,,107,5144.0,1.0,7.0,,,2022-07-14 11:14:24.693486
2020-11-09,,5380.0,,,,107,5146.0,1.0,7.0,,,2022-07-14 11:14:24.693486
2020-11-10,,5389.0,,,,108,5153.0,1.0,6.0,,,2022-07-14 11:14:24.693486
2020-11-11,,5407.0,,,,108,5159.0,1.0,6.0,,,2022-07-14 11:14:24.693486
2020-11-12,,5430.0,,,,108,5170.0,1.0,6.0,,,2022-07-14 11:14:24.693486
2020-11-13,,5436.0,,,,108,5177.0,1.0,6.0,,,2022-07-14 11:14:24.693486
2020-11-14,,5444.0,,,,108,5187.0,1.0,6.0,,,2022-07-14 11:14:24.693486
2020-11-15,,5458.0,,,,108,5194.0,1.0,7.0,,,2022-07-14 11:14:24.693486
2020-11-16,,5466.0,,,,108,5198.0,1.0,7.0,,,2022-07-14 11:14:24.693486
2020-11-17,,5470.0,,,,108,5212.0,1.0,7.0,,,2022-07-14 11:14:24.693486
2020-11-18,,5479.0,,,,108,5224.0,1.0,8.0,,,2022-07-14 11:14:24.693486
2020-11-19,,5491.0,,,,108,5233.0,1.0,8.0,,,2022-07-14 11:14:24.693486
2020-11-20,,5517.0,,,,108,5239.0,1.0,8.0,,,2022-07-14 11:14:24.693486
2020-11-21,,5560.0,,,,108,5248.0,1.0,8.0,,,2022-07-14 11:14:24.693486
2020-11-22,,5628.0,,,,108,5259.0,1.0,8.0,,,2022-07-14 11:14:24.693486
2020-11-23,,5701.0,,,,108,5267.0,1.0,8.0,,,2022-07-14 11:14:24.693486
2020-11-24,,5781.0,,,,108,5274.0,1.0,7.0,,,2022-07-14 11:14:24.693486
2020-11-25,,5866.0,,,,108,5295.0,1.0,7.0,,,2022-07-14 11:14:24.693486
2020-11-26,,5947.0,,,,108,5300.0,1.0,7.0,,,2022-07-14 11:14:24.693486
2020-11-27,,6039.0,,,,108,5313.0,1.0,6.0,,,2022-07-14 11:14:24.693486
2020-11-28,,6123.0,,,,109,5328.0,1.0,7.0,,,2022-07-14 11:14:24.693486
2020-11-29,,6238.0,,,,109,5340.0,1.0,11.0,,,2022-07-14 11:14:24.693486
2020-11-30,,6314.0,,,,109,5344.0,1.0,11.0,,,2022-07-14 11:14:24.693486
2020-12-01,,6396.0,,,,109,5361.0,1.0,14.0,,,2022-07-14 11:14:24.693486
2020-12-02,,6499.0,,,,110,5394.0,1.0,17.0,,,2022-07-14 11:14:24.693486
2020-12-03,,6589.0,,,,110,5423.0,1.0,21.0,,,2022-07-14 11:14:24.693486
2020-12-04,,6701.0,,,,112,5465.0,1.0,23.0,,,2022-07-14 11:14:24.693486
2020-12-05,,6802.0,,,,112,5511.0,1.0,29.0,,,2022-07-14 11:14:24.693486
2020-12-06,,6897.0,,,,112,5567.0,1.0,31.0,,,2022-07-14 11:14:24.693486
2020-12-07,,6975.0,,,,112,5626.0,1.0,36.0,,,2022-07-14 11:14:24.693486
2020-12-08,,7075.0,,,,112,5696.0,1.0,38.0,,,2022-07-14 11:14:24.693486
2020-12-09,,7179.0,,,,114,5783.0,1.0,39.0,,,2022-07-14 11:14:24.693486
2020-12-10,,7291.0,,,,114,5900.0,1.0,43.0,,,2022-07-14 11:14:24.693486
2020-12-11,,7377.0,,,,114,5996.0,1.0,44.0,,,2022-07-14 11:14:24.693486
2020-12-12,,7446.0,,,,115,6114.0,1.0,49.0,,,2022-07-14 11:14:24.693486
2020-12-13,,7541.0,,,,117,6202.0,1.0,46.0,,,2022-07-14 11:14:24.693486
2020-12-14,,7623.0,,,,120,6266.0,1.0,46.0,,,2022-07-14 11:14:24.693486
2020-12-15,,7721.0,,,,122,6345.0,1.0,50.0,,,2022-07-14 11:14:24.693486
2020-12-16,,7803.0,,,,123,6439.0,1.0,59.0,,,2022-07-14 11:14:24.693486
2020-12-17,,7899.0,,,,125,6534.0,1.0,58.0,,,2022-07-14 11:14:24.693486
2020-12-18,,7969.0,,,,129,6628.0,1.0,61.0,,,2022-07-14 11:14:24.693486
2020-12-19,,8078.0,,,,129,6737.0,1.0,61.0,,,2022-07-14 11:14:24.693486
2020-12-20,,8152.0,,,,129,6837.0,1.0,64.0,,,2022-07-14 11:14:24.693486
2020-12-21,,8237.0,,,,131,6910.0,1.0,63.0,,,2022-07-14 11:14:24.693486
2020-12-22,,8300.0,,,,132,6995.0,1.0,67.0,,,2022-07-14 11:14:24.693486
2020-12-23,,8353.0,,,,133,7112.0,1.0,65.0,,,2022-07-14 11:14:24.693486
2020-12-24,,8424.0,,,,135,7203.0,1.0,61.0,,,2022-07-14 11:14:24.693486
2020-12-25,,8481.0,,,,136,7317.0,1.0,54.0,,,2022-07-14 11:14:24.693486
2020-12-26,,8540.0,,,,136,7394.0,1.0,55.0,,,2022-07-14 11:14:24.693486
2020-12-27,,8610.0,,,,136,7474.0,1.0,55.0,,,2022-07-14 11:14:24.693486
2020-12-28,,8671.0,,,,139,7526.0,1.0,51.0,,,2022-07-14 11:14:24.693486
2020-12-29,,8724.0,,,,143,7616.0,1.0,47.0,,,2022-07-14 11:14:24.693486
2020-12-30,,8778.0,,,,146,7722.0,1.0,50.0,,,2022-07-14 11:14:24.693486
2020-12-31,,8846.0,,,,148,7813.0,1.0,51.0,,,2022-07-14 11:14:24.693486
2021-01-01,,8888.0,,,,149,7912.0,1.0,51.0,,,2022-07-14 11:14:24.693486
2021-01-02,,8923.0,,,,150,7968.0,1.0,49.0,,,2022-07-14 11:14:24.693486
2021-01-03,,8964.0,,,,150,8011.0,1.0,49.0,,,2022-07-14 11:14:24.693486
2021-01-04,,9017.0,,,,151,8055.0,1.0,50.0,,,2022-07-14 11:14:24.693486
2021-01-05,,9049.0,,,,153,8127.0,1.0,48.0,,,2022-07-14 11:14:24.693486
2021-01-06,,9074.0,,,,154,8201.0,1.0,43.0,,,2022-07-14 11:14:24.693486
2021-01-07,,9107.0,,,,154,8258.0,1.0,41.0,,,2022-07-14 11:14:24.693486
2021-01-08,,9152.0,,,,155,8307.0,1.0,42.0,,,2022-07-14 11:14:24.693486
2021-01-09,,9211.0,,,,157,8374.0,1.0,39.0,,,2022-07-14 11:14:24.693486
2021-01-10,,9242.0,,,,158,8423.0,1.0,39.0,,,2022-07-14 11:14:24.693486
2021-01-11,,9283.0,,,,158,8468.0,1.0,39.0,,,2022-07-14 11:14:24.693486
2021-01-12,,9343.0,,,,159,8524.0,1.0,40.0,,,2022-07-14 11:14:24.693486
2021-01-13,,9385.0,,,,161,8584.0,1.0,41.0,,,2022-07-14 11:14:24.693486
2021-01-14,,9414.0,,,,161,8631.0,1.0,42.0,,,2022-07-14 11:14:24.693486
2021-01-15,,9452.0,,,,161,8684.0,1.0,41.0,,,2022-07-14 11:14:24.693486
2021-01-16,,9502.0,,,,162,8724.0,1.0,42.0,,,2022-07-14 11:14:24.693486
2021-01-17,,9557.0,,,,162,8758.0,1.0,42.0,,,2022-07-14 11:14:24.693486
2021-01-18,,9664.0,,,,163,8786.0,1.0,41.0,,,2022-07-14 11:14:24.693486
2021-01-19,,9720.0,,,,164,8828.0,1.0,39.0,,,2022-07-14 11:14:24.693486
2021-01-20,,9797.0,,,,166,8865.0,1.0,39.0,,,2022-07-14 11:14:24.693486
2021-01-21,,9867.0,,,,167,8904.0,1.0,37.0,,,2022-07-14 11:14:24.693486
2021-01-22,,9928.0,,,,167,8949.0,1.0,34.0,,,2022-07-14 11:14:24.693486
2021-01-23,,10009.0,,,,168,8998.0,1.0,38.0,,,2022-07-14 11:14:24.693486
2021-01-24,,10085.0,,,,169,9034.0,1.0,35.0,,,2022-07-14 11:14:24.693486
2021-01-25,,10158.0,,,,171,9056.0,1.0,35.0,,,2022-07-14 11:14:24.693486
2021-01-26,,10222.0,,,,173,9101.0,1.0,34.0,,,2022-07-14 11:14:24.693486
2021-01-27,,10282.0,,,,174,9162.0,1.0,32.0,,,2022-07-14 11:14:24.693486
2021-01-28,,10321.0,,,,177,9239.0,1.0,32.0,,,2022-07-14 11:14:24.693486
2021-01-29,,10371.0,,,,178,9302.0,1.0,30.0,,,2022-07-14 11:14:24.693486
2021-01-30,,10399.0,,,,178,9362.0,1.0,28.0,,,2022-07-14 11:14:24.693486
2021-01-31,,10452.0,,,,181,9423.0,1.0,28.0,,,2022-07-14 11:14:24.693486
2021-02-01,,10486.0,,,,182,9474.0,1.0,28.0,,,2022-07-14 11:14:24.693486
2021-02-02,,10511.0,,,,183,9549.0,1.0,30.0,,,2022-07-14 11:14:24.693486
2021-02-03,,10530.0,,,,185,9633.0,1.0,28.0,,,2022-07-14 11:14:24.693486
2021-02-04,,10552.0,,,,186,9684.0,1.0,26.0,,,2022-07-14 11:14:24.693486
2021-02-05,,10589.0,,,,186,9750.0,1.0,24.0,,,2022-07-14 11:14:24.693486
2021-02-06,,10608.0,,,,186,9828.0,1.0,24.0,,,2022-07-14 11:14:24.693486
2021-02-07,,10635.0,,,,186,9887.0,1.0,23.0,,,2022-07-14 11:14:24.693486
2021-02-08,,10667.0,,,,186,9918.0,1.0,24.0,,,2022-07-14 11:14:24.693486
2021-02-09,,10693.0,,,,187,9976.0,1.0,24.0,,,2022-07-14 11:14:24.693486
2021-02-10,,10710.0,,,,188,10022.0,1.0,22.0,,,2022-07-14 11:14:24.693486
2021-02-11,,10731.0,,,,191,10077.0,1.0,21.0,,,2022-07-14 11:14:24.693486
2021-02-12,,10755.0,,,,192,10136.0,1.0,22.0,,,2022-07-14 11:14:24.693486
2021-02-13,,10767.0,,,,193,10160.0,1.0,21.0,,,2022-07-14 11:14:24.693486
2021-02-14,,10779.0,,,,193,10185.0,1.0,21.0,,,2022-07-14 11:14:24.693486
2021-02-15,,10788.0,,,,193,10207.0,1.0,21.0,,,2022-07-14 11:14:24.693486
2021-02-16,,10796.0,,,,194,10232.0,1.0,22.0,,,2022-07-14 11:14:24.693486
2021-02-17,,10812.0,,,,195,10270.0,1.0,19.0,,,2022-07-14 11:14:24.693486
2021-02-18,,10820.0,,,,197,10298.0,1.0,18.0,,,2022-07-14 11:14:24.693486
2021-02-19,,10833.0,,,,197,10329.0,1.0,18.0,,,2022-07-14 11:14:24.693486
2021-02-20,,10848.0,,,,197,10362.0,1.0,18.0,,,2022-07-14 11:14:24.693486
2021-02-21,,10868.0,,,,197,10389.0,1.0,18.0,,,2022-07-14 11:14:24.693486
2021-02-22,,10884.0,,,,197,10404.0,1.0,18.0,,,2022-07-14 11:14:24.693486
2021-02-23,,10896.0,,,,197,10427.0,1.0,17.0,,,2022-07-14 11:14:24.693486
2021-02-24,,10913.0,,,,197,10461.0,1.0,17.0,,,2022-07-14 11:14:24.693486
2021-02-25,,10926.0,,,,198,10474.0,1.0,18.0,,,2022-07-14 11:14:24.693486
2021-02-26,,10951.0,,,,198,10493.0,1.0,18.0,,,2022-07-14 11:14:24.693486
2021-02-27,,10983.0,,,,198,10519.0,1.0,17.0,,,2022-07-14 11:14:24.693486
2021-02-28,,11005.0,,,,199,10536.0,1.0,17.0,,,2022-07-14 11:14:24.693486
2021-03-01,,11019.0,,,,200,10547.0,1.0,16.0,,,2022-07-14 11:14:24.693486
2021-03-02,,11032.0,,,,200,10563.0,1.0,14.0,,,2022-07-14 11:14:24.693486
2021-03-03,,11046.0,,,,200,10578.0,1.0,13.0,,,2022-07-14 11:14:24.693486
2021-03-04,,11055.0,,,,201,10593.0,1.0,13.0,,,2022-07-14 11:14:24.693486
2021-03-05,,11066.0,,,,201,10604.0,1.0,13.0,,,2022-07-14 11:14:24.693486
2021-03-06,,11074.0,,,,202,10622.0,1.0,12.0,,,2022-07-14 11:14:24.693486
2021-03-07,,11090.0,,,,202,10629.0,1.0,13.0,,,2022-07-14 11:14:24.693486
2021-03-08,,11099.0,,,,202,10636.0,1.0,13.0,,,2022-07-14 11:14:24.693486
2021-03-09,,11120.0,,,,202,10662.0,1.0,14.0,,,2022-07-14 11:14:24.693486
2021-03-10,,11128.0,,,,202,10675.0,1.0,14.0,,,2022-07-14 11:14:24.693486
2021-03-11,,11150.0,,,,203,10695.0,1.0,13.0,,,2022-07-14 11:14:24.693486
2021-03-12,,11210.0,,,,203,10711.0,1.0,13.0,,,2022-07-14 11:14:24.693486
2021-03-13,,11257.0,,,,203,10739.0,1.0,13.0,,,2022-07-14 11:14:24.693486
2021-03-14,,11281.0,,,,203,10755.0,1.0,13.0,,,2022-07-14 11:14:24.693486
2021-03-15,,11311.0,,,,203,10769.0,1.0,13.0,,,2022-07-14 11:14:24.693486
2021-03-16,,11329.0,,,,203,10786.0,1.0,10.0,,,2022-07-14 11:14:24.693486
2021-03-17,,11340.0,,,,203,10809.0,1.0,10.0,,,2022-07-14 11:14:24.693486
2021-03-18,,11350.0,,,,203,10824.0,1.0,10.0,,,2022-07-14 11:14:24.693486
2021-03-19,,11363.0,,,,203,10837.0,1.0,10.0,,,2022-07-14 11:14:24.693486
2021-03-20,,11371.0,,,,203,10863.0,1.0,10.0,,,2022-07-14 11:14:24.693486
2021-03-21,,11379.0,,,,203,10875.0,1.0,10.0,,,2022-07-14 11:14:24.693486
2021-03-22,,11397.0,,,,203,10901.0,1.0,10.0,,,2022-07-14 11:14:24.693486
2021-03-23,,11409.0,,,,203,10936.0,1.0,10.0,,,2022-07-14 11:14:24.693486
2021-03-24,,11419.0,,,,204,10963.0,1.0,10.0,,,2022-07-14 11:14:24.693486
2021-03-25,,11428.0,,,,204,10994.0,1.0,10.0,,,2022-07-14 11:14:24.693486
2021-03-26,,11439.0,,,,205,11023.0,1.0,10.0,,,2022-07-14 11:14:24.693486
2021-03-27,,11445.0,,,,205,11040.0,1.0,10.0,,,2022-07-14 11:14:24.693486
2021-03-28,,11446.0,,,,205,11056.0,1.0,10.0,,,2022-07-14 11:14:24.693486
2021-03-29,,11454.0,,,,205,11075.0,1.0,10.0,,,2022-07-14 11:14:24.693486
2021-03-30,,11461.0,,,,205,11085.0,1.0,9.0,,,2022-07-14 11:14:24.693486
2021-03-31,,11467.0,,,,205,11095.0,1.0,9.0,,,2022-07-14 11:14:24.693486
2021-04-01,,11480.0,,,,205,11108.0,1.0,9.0,,,2022-07-14 11:14:24.693486
2021-04-02,,11499.0,,,,205,11122.0,1.0,9.0,,,2022-07-14 11:14:24.693486
2021-04-03,,11501.0,,,,205,11133.0,1.0,9.0,,,2022-07-14 11:14:24.693486
2021-04-04,,11508.0,,,,205,11139.0,1.0,9.0,,,2022-07-14 11:14:24.693486
2021-04-05,,11524.0,,,,205,11145.0,1.0,6.0,,,2022-07-14 11:14:24.693486
2021-04-06,,11531.0,,,,205,11155.0,1.0,6.0,,,2022-07-14 11:14:24.693486
2021-04-07,,11539.0,,,,205,11163.0,1.0,9.0,,,2022-07-14 11:14:24.693486
2021-04-08,,11549.0,,,,205,11174.0,1.0,8.0,,,2022-07-14 11:14:24.693486
2021-04-09,,11563.0,,,,206,11186.0,1.0,7.0,,,2022-07-14 11:14:24.693486
2021-04-10,,11568.0,,,,207,11193.0,1.0,7.0,,,2022-07-14 11:14:24.693486
2021-04-11,,11581.0,,,,207,11206.0,1.0,7.0,,,2022-07-14 11:14:24.693486
2021-04-12,,11594.0,,,,207,11214.0,1.0,7.0,,,2022-07-14 11:14:24.693486
2021-04-13,,11607.0,,,,207,11227.0,1.0,7.0,,,2022-07-14 11:14:24.693486
2021-04-14,,11612.0,,,,209,11237.0,1.0,6.0,,,2022-07-14 11:14:24.693486
2021-04-15,,11618.0,,,,209,11246.0,1.0,6.0,,,2022-07-14 11:14:24.693486
2021-04-16,,11635.0,,,,209,11253.0,1.0,6.0,,,2022-07-14 11:14:24.693486
2021-04-17,,11653.0,,,,209,11258.0,1.0,4.0,,,2022-07-14 11:14:24.693486
2021-04-18,,11683.0,,,,209,11270.0,1.0,4.0,,,2022-07-14 11:14:24.693486
2021-04-19,,11695.0,,,,209,11274.0,1.0,4.0,,,2022-07-14 11:14:24.693486
2021-04-20,,11703.0,,,,209,11287.0,1.0,3.0,,,2022-07-14 11:14:24.693486
2021-04-21,,11704.0,,,,209,11302.0,1.0,3.0,,,2022-07-14 11:14:24.693486
2021-04-22,,11718.0,,,,209,11316.0,1.0,3.0,,,2022-07-14 11:14:24.693486
2021-04-23,,11727.0,,,,209,11325.0,1.0,3.0,,,2022-07-14 11:14:24.693486
2021-04-24,,11730.0,,,,209,11340.0,1.0,3.0,,,2022-07-14 11:14:24.693486
2021-04-25,,11736.0,,,,209,11354.0,1.0,3.0,,,2022-07-14 11:14:24.693486
2021-04-26,,11740.0,,,,209,11363.0,1.0,3.0,,,2022-07-14 11:14:24.693486
2021-04-27,,11748.0,,,,209,11379.0,1.0,3.0,,,2022-07-14 11:14:24.693486
2021-04-28,,11755.0,,,,209,11392.0,1.0,3.0,,,2022-07-14 11:14:24.693486
2021-04-29,,11770.0,,,,209,11404.0,1.0,3.0,,,2022-07-14 11:14:24.693486
2021-04-30,,11774.0,,,,209,11416.0,1.0,3.0,,,2022-07-14 11:14:24.693486
2021-05-01,,11782.0,,,,210,11432.0,1.0,3.0,,,2022-07-14 11:14:24.693486
2021-05-02,,11784.0,,,,210,11445.0,1.0,3.0,,,2022-07-14 11:14:24.693486
2021-05-03,,11786.0,,,,210,11447.0,1.0,3.0,,,2022-07-14 11:14:24.693486
2021-05-04,,11790.0,,,,210,11451.0,1.0,3.0,,,2022-07-14 11:14:24.693486
2021-05-05,,11796.0,,,,210,11462.0,1.0,3.0,,,2022-07-14 11:14:24.693486
2021-05-06,,11798.0,,,,210,11468.0,1.0,3.0,,,2022-07-14 11:14:24.693486
2021-05-07,,11801.0,,,,210,11473.0,1.0,3.0,,,2022-07-14 11:14:24.693486
2021-05-08,,11806.0,,,,210,11486.0,1.0,3.0,,,2022-07-14 11:14:24.693486
2021-05-09,,11807.0,,,,210,11493.0,1.0,3.0,,,2022-07-14 11:14:24.693486
2021-05-10,,11811.0,,,,210,11496.0,1.0,2.0,,,2022-07-14 11:14:24.693486
2021-05-11,,11812.0,,,,210,11503.0,1.0,2.0,,,2022-07-14 11:14:24.693486
2021-05-12,,11814.0,,,,210,11505.0,1.0,2.0,,,2022-07-14 11:14:24.693486
2021-05-13,,11817.0,,,,210,11511.0,1.0,2.0,,,2022-07-14 11:14:24.693486
2021-05-14,,11818.0,,,,210,11516.0,1.0,2.0,,,2022-07-14 11:14:24.693486
2021-05-15,,11821.0,,,,210,11522.0,1.0,2.0,,,2022-07-14 11:14:24.693486
2021-05-16,,11824.0,,,,210,11525.0,1.0,2.0,,,2022-07-14 11:14:24.693486
2021-05-17,,11825.0,,,,210,11531.0,1.0,2.0,,,2022-07-14 11:14:24.693486
2021-05-18,,11826.0,,,,210,11535.0,1.0,2.0,,,2022-07-14 11:14:24.693486
2021-05-19,,11827.0,,,,210,11539.0,1.0,2.0,,,2022-07-14 11:14:24.693486
2021-05-20,,11828.0,,,,210,11542.0,1.0,2.0,,,2022-07-14 11:14:24.693486
2021-05-21,,11829.0,,,,210,11547.0,1.0,2.0,,,2022-07-14 11:14:24.693486
2021-05-22,,11830.0,,,,210,11550.0,1.0,2.0,,,2022-07-14 11:14:24.693486
2021-05-23,,11832.0,,,,210,11553.0,1.0,2.0,,,2022-07-14 11:14:24.693486
2021-05-24,,11833.0,,,,210,11556.0,1.0,1.0,,,2022-07-14 11:14:24.693486
2021-05-25,,11835.0,,,,210,11560.0,1.0,1.0,,,2022-07-14 11:14:24.693486
2021-05-26,,11836.0,,,,210,11561.0,1.0,1.0,,,2022-07-14 11:14:24.693486
2021-05-27,,11836.0,,,,210,11565.0,1.0,1.0,,,2022-07-14 11:14:24.693486
2021-05-28,,11836.0,,,,210,11570.0,1.0,1.0,,,2022-07-14 11:14:24.693486
2021-05-29,,11837.0,,,,210,11571.0,1.0,1.0,,,2022-07-14 11:14:24.693486
2021-05-30,,11837.0,,,,210,11572.0,1.0,1.0,,,2022-07-14 11:14:24.693486
2021-05-31,,11841.0,,,,210,11572.0,1.0,1.0,,,2022-07-14 11:14:24.693486
2021-06-01,,11848.0,,,,210,11574.0,1.0,1.0,,,2022-07-14 11:14:24.693486
2021-06-02,,11848.0,,,,210,11576.0,1.0,1.0,,,2022-07-14 11:14:24.693486
2021-06-03,,11849.0,,,,210,11577.0,1.0,1.0,,,2022-07-14 11:14:24.693486
2021-06-04,,11850.0,,,,210,11579.0,1.0,1.0,,,2022-07-14 11:14:24.693486
2021-06-05,,11851.0,,,,210,11584.0,1.0,1.0,,,2022-07-14 11:14:24.693486
2021-06-06,,11858.0,,,,210,11584.0,1.0,1.0,,,2022-07-14 11:14:24.693486
2021-06-07,,11865.0,,,,210,11584.0,1.0,1.0,,,2022-07-14 11:14:24.693486
2021-06-08,,11868.0,,,,210,11584.0,1.0,1.0,,,2022-07-14 11:14:24.693486
2021-06-09,,11872.0,,,,210,11587.0,1.0,1.0,,,2022-07-14 11:14:24.693486
2021-06-10,,11874.0,,,,210,11590.0,1.0,1.0,,,2022-07-14 11:14:24.693486
2021-06-11,,11874.0,,,,210,11593.0,1.0,1.0,,,2022-07-14 11:14:24.693486
2021-06-12,,11877.0,,,,210,11595.0,1.0,1.0,,,2022-07-14 11:14:24.693486
2021-06-13,,11877.0,,,,210,11598.0,1.0,1.0,,,2022-07-14 11:14:24.693486
2021-06-14,,11878.0,,,,210,11600.0,1.0,1.0,,,2022-07-14 11:14:24.693486
2021-06-15,,11880.0,,,,210,11600.0,1.0,1.0,,,2022-07-14 11:14:24.693486
2021-06-16,,11881.0,,,,210,11601.0,1.0,1.0,,,2022-07-14 11:14:24.693486
2021-06-17,,11881.0,,,,210,11603.0,1.0,1.0,,,2022-07-14 11:14:24.693486
2021-06-18,,11884.0,,,,210,11608.0,1.0,1.0,,,2022-07-14 11:14:24.693486
2021-06-19,,11885.0,,,,210,11612.0,1.0,1.0,,,2022-07-14 11:14:24.693486
2021-06-20,,11886.0,,,,210,11614.0,1.0,1.0,,,2022-07-14 11:14:24.693486
2021-06-21,,11889.0,,,,210,11616.0,1.0,1.0,,,2022-07-14 11:14:24.693486
2021-06-22,,11896.0,,,,210,11618.0,1.0,1.0,,,2022-07-14 11:14:24.693486
2021-06-23,,11898.0,,,,210,11619.0,1.0,1.0,,,2022-07-14 11:14:24.693486
2021-06-24,,11905.0,,,,210,11621.0,1.0,1.0,,,2022-07-14 11:14:24.693486
2021-06-25,,11909.0,,,,211,11621.0,1.0,1.0,,,2022-07-14 11:14:24.693486
2021-06-26,,11911.0,,,,211,11624.0,1.0,1.0,,,2022-07-14 11:14:24.693486
2021-06-27,,11917.0,,,,211,11625.0,1.0,1.0,,,2022-07-14 11:14:24.693486
2021-06-28,,11920.0,,,,211,11626.0,1.0,1.0,,,2022-07-14 11:14:24.693486
2021-06-29,,11921.0,,,,211,11628.0,1.0,1.0,,,2022-07-14 11:14:24.693486
2021-06-30,,11923.0,,,,211,11630.0,1.0,1.0,,,2022-07-14 11:14:24.693486
2021-07-01,,11927.0,,,,211,11631.0,1.0,1.0,,,2022-07-14 11:14:24.693486
2021-07-02,,11938.0,,,,211,11633.0,1.0,1.0,,,2022-07-14 11:14:24.693486
2021-07-03,,11939.0,,,,211,11634.0,1.0,1.0,,,2022-07-14 11:14:24.693486
2021-07-04,,11942.0,,,,211,11637.0,1.0,1.0,,,2022-07-14 11:14:24.693486
2021-07-05,,11943.0,,,,212,11638.0,1.0,0.0,,,2022-07-14 11:14:24.693486
2021-07-06,,11944.0,,,,212,11642.0,1.0,0.0,,,2022-07-14 11:14:24.693486
2021-07-07,,11945.0,,,,212,11643.0,1.0,0.0,,,2022-07-14 11:14:24.693486
2021-07-08,,11948.0,,,,212,11648.0,1.0,0.0,,,2022-07-14 11:14:24.693486
2021-07-09,,11949.0,,,,212,11648.0,1.0,0.0,,,2022-07-14 11:14:24.693486
2021-07-10,,11950.0,,,,212,11652.0,1.0,0.0,,,2022-07-14 11:14:24.693486
2021-07-11,,11951.0,,,,212,11655.0,1.0,0.0,,,2022-07-14 11:14:24.693486
2021-07-12,,11951.0,,,,212,11662.0,1.0,0.0,,,2022-07-14 11:14:24.693486
2021-07-13,,11952.0,,,,212,11665.0,1.0,0.0,,,2022-07-14 11:14:24.693486
2021-07-14,,11955.0,,,,212,11669.0,1.0,0.0,,,2022-07-14 11:14:24.693486
2021-07-15,,11955.0,,,,212,11675.0,1.0,0.0,,,2022-07-14 11:14:24.693486
2021-07-16,,11956.0,,,,212,11677.0,1.0,0.0,,,2022-07-14 11:14:24.693486
2021-07-17,,11956.0,,,,212,11682.0,1.0,0.0,,,2022-07-14 11:14:24.693486
2021-07-18,,11958.0,,,,212,11682.0,1.0,0.0,,,2022-07-14 11:14:24.693486
2021-07-19,,11958.0,,,,212,11686.0,1.0,0.0,,,2022-07-14 11:14:24.693486
2021-07-20,,11965.0,,,,212,11688.0,1.0,0.0,,,2022-07-14 11:14:24.693486
2021-07-21,,11970.0,,,,212,11688.0,1.0,0.0,,,2022-07-14 11:14:24.693486
2021-07-22,,11971.0,,,,212,11690.0,1.0,0.0,,,2022-07-14 11:14:24.693486
2021-07-23,,11973.0,,,,212,11693.0,1.0,0.0,,,2022-07-14 11:14:24.693486
2021-07-24,,11975.0,,,,212,11696.0,1.0,1.0,,,2022-07-14 11:14:24.693486
2021-07-25,,11978.0,,,,212,11698.0,1.0,1.0,,,2022-07-14 11:14:24.693486
2021-07-26,,11978.0,,,,212,11701.0,1.0,1.0,,,2022-07-14 11:14:24.693486
2021-07-27,,11979.0,,,,212,11705.0,1.0,1.0,,,2022-07-14 11:14:24.693486
2021-07-28,,11980.0,,,,212,11707.0,1.0,0.0,,,2022-07-14 11:14:24.693486
2021-07-29,,11982.0,,,,212,11709.0,1.0,0.0,,,2022-07-14 11:14:24.693486
2021-07-30,,11984.0,,,,212,11712.0,1.0,0.0,,,2022-07-14 11:14:24.693486
2021-07-31,,11984.0,,,,212,11713.0,1.0,0.0,,,2022-07-14 11:14:24.693486
2021-08-01,,11987.0,,,,212,11715.0,1.0,0.0,,,2022-07-14 11:14:24.693486
2021-08-02,,11990.0,,,,212,11715.0,1.0,0.0,,,2022-07-14 11:14:24.693486
2021-08-03,,11994.0,,,,212,11719.0,1.0,0.0,,,2022-07-14 11:14:24.693486
2021-08-04,,11996.0,,,,212,11721.0,1.0,0.0,,,2022-07-14 11:14:24.693486
2021-08-05,,12002.0,,,,212,11721.0,1.0,0.0,,,2022-07-14 11:14:24.693486
2021-08-06,,12004.0,,,,212,11724.0,1.0,0.0,,,2022-07-14 11:14:24.693486
2021-08-07,,12011.0,,,,212,11725.0,1.0,0.0,,,2022-07-14 11:14:24.693486
2021-08-08,,12013.0,,,,212,11725.0,1.0,0.0,,,2022-07-14 11:14:24.693486
2021-08-09,,12015.0,,,,212,11725.0,1.0,0.0,,,2022-07-14 11:14:24.693486
2021-08-10,,12019.0,,,,212,11728.0,1.0,0.0,,,2022-07-14 11:14:24.693486
2021-08-11,,12020.0,,,,212,11731.0,1.0,0.0,,,2022-07-14 11:14:24.693486
2021-08-12,,12025.0,,,,212,11733.0,1.0,0.0,,,2022-07-14 11:14:24.693486
2021-08-13,,12030.0,,,,212,11736.0,1.0,0.0,,,2022-07-14 11:14:24.693486
2021-08-14,,12032.0,,,,212,11740.0,1.0,0.0,,,2022-07-14 11:14:24.693486
2021-08-15,,12033.0,,,,212,11748.0,1.0,0.0,,,2022-07-14 11:14:24.693486
2021-08-16,,12036.0,,,,212,11750.0,1.0,0.0,,,2022-07-14 11:14:24.693486
2021-08-17,,12039.0,,,,212,11753.0,1.0,0.0,,,2022-07-14 11:14:24.693486
2021-08-18,,12042.0,,,,212,11755.0,1.0,0.0,,,2022-07-14 11:14:24.693486
2021-08-19,,12047.0,,,,212,11759.0,1.0,0.0,,,2022-07-14 11:14:24.693486
2021-08-20,,12049.0,,,,212,11761.0,1.0,0.0,,,2022-07-14 11:14:24.693486
2021-08-21,,12052.0,,,,212,11762.0,1.0,0.0,,,2022-07-14 11:14:24.693486
2021-08-22,,12057.0,,,,212,11766.0,1.0,0.0,,,2022-07-14 11:14:24.693486
2021-08-23,,12062.0,,,,212,11766.0,1.0,0.0,,,2022-07-14 11:14:24.693486
2021-08-24,,12069.0,,,,212,11768.0,1.0,0.0,,,2022-07-14 11:14:24.693486
2021-08-25,,12074.0,,,,212,11772.0,1.0,0.0,,,2022-07-14 11:14:24.693486
2021-08-26,,12077.0,,,,212,11777.0,1.0,0.0,,,2022-07-14 11:14:24.693486
2021-08-27,,12094.0,,,,212,11779.0,1.0,0.0,,,2022-07-14 11:14:24.693486
2021-08-28,,12100.0,,,,212,11782.0,1.0,0.0,,,2022-07-14 11:14:24.693486
2021-08-29,,12107.0,,,,212,11783.0,1.0,0.0,,,2022-07-14 11:14:24.693486
2021-08-30,,12110.0,,,,212,11786.0,1.0,0.0,,,2022-07-14 11:14:24.693486
2021-08-31,,12112.0,,,,212,11791.0,1.0,0.0,,,2022-07-14 11:14:24.693486
2021-09-01,,12113.0,,,,212,11798.0,1.0,0.0,,,2022-07-14 11:14:24.693486
2021-09-02,,12113.0,,,,212,11799.0,1.0,0.0,,,2022-07-14 11:14:24.693486
2021-09-03,,12112.0,,,,212,11798.0,1.0,0.0,,,2022-07-14 11:14:24.693486
2021-09-04,,12113.0,,,,212,11802.0,1.0,0.0,,,2022-07-14 11:14:24.693486
2021-09-05,,12121.0,,,,212,11814.0,1.0,0.0,,,2022-07-14 11:14:24.693486
2021-09-06,,12123.0,,,,212,11821.0,1.0,0.0,,,2022-07-14 11:14:24.693486
2021-09-07,,12129.0,,,,212,11825.0,1.0,0.0,,,2022-07-14 11:14:24.693486
2021-09-08,,12131.0,,,,212,11831.0,1.0,0.0,,,2022-07-14 11:14:24.693486
2021-09-09,,12133.0,,,,212,11834.0,1.0,0.0,,,2022-07-14 11:14:24.693486
2021-09-10,,12138.0,,,,212,11838.0,1.0,0.0,,,2022-07-14 11:14:24.693486
2021-09-11,,12142.0,,,,212,11841.0,1.0,0.0,,,2022-07-14 11:14:24.693486
2021-09-12,,12145.0,,,,212,11846.0,1.0,0.0,,,2022-07-14 11:14:24.693486
2021-09-13,,12146.0,,,,213,11850.0,1.0,0.0,,,2022-07-14 11:14:24.693486
2021-09-14,,12148.0,,,,213,11854.0,1.0,0.0,,,2022-07-14 11:14:24.693486
2021-09-15,,12149.0,,,,213,11858.0,1.0,0.0,,,2022-07-14 11:14:24.693486
2021-09-16,,12149.0,,,,213,11862.0,1.0,0.0,,,2022-07-14 11:14:24.693486
2021-09-17,,12152.0,,,,213,11867.0,1.0,0.0,,,2022-07-14 11:14:24.693486
2021-09-18,,12157.0,,,,213,11869.0,1.0,0.0,,,2022-07-14 11:14:24.693486
2021-09-19,,12160.0,,,,213,11872.0,1.0,0.0,,,2022-07-14 11:14:24.693486
2021-09-20,,12165.0,,,,213,11874.0,1.0,0.0,,,2022-07-14 11:14:24.693486
2021-09-21,,12166.0,,,,213,11878.0,1.0,0.0,,,2022-07-14 11:14:24.693486
2021-09-22,,12167.0,,,,213,11878.0,1.0,0.0,,,2022-07-14 11:14:24.693486
2021-09-23,,12169.0,,,,213,11887.0,1.0,0.0,,,2022-07-14 11:14:24.693486
2021-09-24,,12176.0,,,,213,11888.0,1.0,0.0,,,2022-07-14 11:14:24.693486
2021-09-25,,12185.0,,,,213,11891.0,1.0,0.0,,,2022-07-14 11:14:24.693486
2021-09-26,,12193.0,,,,213,11892.0,1.0,0.0,,,2022-07-14 11:14:24.693486
2021-09-27,,12196.0,,,,213,11897.0,1.0,0.0,,,2022-07-14 11:14:24.693486
2021-09-28,,12209.0,,,,213,11901.0,1.0,0.0,,,2022-07-14 11:14:24.693486
2021-09-29,,12214.0,,,,213,11905.0,1.0,0.0,,,2022-07-14 11:14:24.693486
2021-09-30,,12217.0,,,,213,11905.0,1.0,0.0,,,2022-07-14 11:14:24.693486
2021-10-01,,12221.0,,,,213,11906.0,1.0,0.0,,,2022-07-14 11:14:24.693486
2021-10-02,,12226.0,,,,213,11909.0,1.0,0.0,,,2022-07-14 11:14:24.693486
2021-10-03,,12226.0,,,,213,11920.0,1.0,0.0,,,2022-07-14 11:14:24.693486
2021-10-04,,12230.0,,,,213,11926.0,1.0,0.0,,,2022-07-14 11:14:24.693486
2021-10-05,,12237.0,,,,213,11931.0,1.0,0.0,,,2022-07-14 11:14:24.693486
2021-10-06,,12243.0,,,,213,11935.0,1.0,0.0,,,2022-07-14 11:14:24.693486
2021-10-07,,12251.0,,,,213,11942.0,1.0,0.0,,,2022-07-14 11:14:24.693486
2021-10-08,,12253.0,,,,213,11945.0,1.0,0.0,,,2022-07-14 11:14:24.693486
2021-10-09,,12230.0,,,,213,11926.0,1.0,0.0,,,2022-07-14 11:14:24.693486
2021-10-10,,12261.0,,,,213,11947.0,1.0,0.0,,,2022-07-14 11:14:24.693486
2021-10-11,,12268.0,,,,213,11953.0,1.0,0.0,,,2022-07-14 11:14:24.693486
2021-10-12,,12272.0,,,,213,11956.0,1.0,0.0,,,2022-07-14 11:14:24.693486
2021-10-13,,12275.0,,,,213,11962.0,1.0,0.0,,,2022-07-14 11:14:24.693486
2021-10-14,,12276.0,,,,213,11971.0,1.0,0.0,,,2022-07-14 11:14:24.693486
2021-10-15,,12285.0,,,,213,11980.0,1.0,0.0,,,2022-07-14 11:14:24.693486
2021-10-16,,12291.0,,,,213,11988.0,1.0,0.0,,,2022-07-14 11:14:24.693486
2021-10-17,,12294.0,,,,213,11992.0,1.0,0.0,,,2022-07-14 11:14:24.693486
2021-10-18,,12299.0,,,,213,11994.0,1.0,0.0,,,2022-07-14 11:14:24.693486
2021-10-19,,12301.0,,,,213,11998.0,1.0,0.0,,,2022-07-14 11:14:24.693486
2021-10-20,,12305.0,,,,213,12003.0,1.0,0.0,,,2022-07-14 11:14:24.693486
2021-10-21,,12311.0,,,,213,12006.0,1.0,0.0,,,2022-07-14 11:14:24.693486
2021-10-22,,12313.0,,,,213,12012.0,1.0,0.0,,,2022-07-14 11:14:24.693486
2021-10-23,,12319.0,,,,213,12016.0,1.0,0.0,,,2022-07-14 11:14:24.693486
2021-10-24,,12323.0,,,,213,12019.0,1.0,0.0,,,2022-07-14 11:14:24.693486
2021-10-25,,12327.0,,,,213,12023.0,1.0,0.0,,,2022-07-14 11:14:24.693486
2021-10-26,,12330.0,,,,213,12029.0,1.0,0.0,,,2022-07-14 11:14:24.693486
2021-10-27,,12335.0,,,,213,12033.0,1.0,0.0,,,2022-07-14 11:14:24.693486
2021-10-28,,12337.0,,,,213,12033.0,1.0,0.0,,,2022-07-14 11:14:24.693486
2021-10-29,,12342.0,,,,213,12033.0,1.0,0.0,,,2022-07-14 11:14:24.693486
2021-10-30,,12345.0,,,,213,12034.0,1.0,0.0,,,2022-07-14 11:14:24.693486
2021-10-31,,12346.0,,,,213,12034.0,1.0,0.0,,,2022-07-14 11:14:24.693486
2021-11-01,,12347.0,,,,213,12034.0,1.0,0.0,,,2022-07-14 11:14:24.693486
2021-11-02,,12349.0,,,,213,12034.0,1.0,0.0,,,2022-07-14 11:14:24.693486
2021-11-03,,12352.0,,,,213,12034.0,1.0,0.0,,,2022-07-14 11:14:24.693486
2021-11-04,,12359.0,,,,213,12035.0,1.0,0.0,,,2022-07-14 11:14:24.693486
2021-11-05,,12360.0,,,,213,12035.0,1.0,0.0,,,2022-07-14 11:14:24.693486
2021-11-06,,12367.0,,,,213,12036.0,1.0,0.0,,,2022-07-14 11:14:24.693486
2021-11-07,,12368.0,,,,213,12036.0,1.0,0.0,,,2022-07-14 11:14:24.693486
2021-11-08,,12368.0,,,,213,12036.0,1.0,0.0,,,2022-07-14 11:14:24.693486
2021-11-09,,12369.0,,,,213,12036.0,1.0,0.0,,,2022-07-14 11:14:24.693486
2021-11-10,,12374.0,,,,213,12036.0,1.0,0.0,,,2022-07-14 11:14:24.693486
2021-11-11,,12377.0,,,,213,12037.0,1.0,0.0,,,2022-07-14 11:14:24.693486
2021-11-12,,12378.0,,,,213,12072.0,1.0,0.0,,,2022-07-14 11:14:24.693486
2021-11-13,,12380.0,,,,213,12087.0,1.0,0.0,,,2022-07-14 11:14:24.693486
2021-11-14,,12381.0,,,,213,12090.0,1.0,0.0,,,2022-07-14 11:14:24.693486
2021-11-15,,12387.0,,,,213,12092.0,1.0,0.0,,,2022-07-14 11:14:24.693486
2021-11-16,,12388.0,,,,213,12099.0,1.0,0.0,,,2022-07-14 11:14:24.693486
2021-11-17,,12391.0,,,,213,12099.0,1.0,0.0,,,2022-07-14 11:14:24.693486
2021-11-18,,12395.0,,,,213,12104.0,1.0,0.0,,,2022-07-14 11:14:24.693486
2021-11-19,,12396.0,,,,213,12106.0,1.0,0.0,,,2022-07-14 11:14:24.693486
2021-11-20,,12399.0,,,,213,12108.0,1.0,0.0,,,2022-07-14 11:14:24.693486
2021-11-21,,12401.0,,,,213,12115.0,1.0,0.0,,,2022-07-14 11:14:24.693486
2021-11-22,,12404.0,,,,213,12119.0,1.0,0.0,,,2022-07-14 11:14:24.693486
2021-11-23,,12410.0,,,,213,12121.0,1.0,0.0,,,2022-07-14 11:14:24.693486
2021-11-24,,12411.0,,,,213,12123.0,1.0,0.0,,,2022-07-14 11:14:24.693486
2021-11-25,,12417.0,,,,213,12125.0,1.0,0.0,,,2022-07-14 11:14:24.693486
2021-11-26,,12421.0,,,,213,12128.0,1.0,0.0,,,2022-07-14 11:14:24.693486
2021-11-27,,12424.0,,,,213,12130.0,1.0,0.0,,,2022-07-14 11:14:24.693486
2021-11-28,,12427.0,,,,213,12133.0,1.0,0.0,,,2022-07-14 11:14:24.693486
2021-11-29,,12430.0,,,,213,12134.0,1.0,0.0,,,2022-07-14 11:14:24.693486
2021-11-30,,12436.0,,,,213,12136.0,1.0,0.0,,,2022-07-14 11:14:24.693486
2021-12-01,,12439.0,,,,213,12140.0,1.0,0.0,,,2022-07-14 11:14:24.693486
2021-12-02,,12445.0,,,,213,12143.0,1.0,0.0,,,2022-07-14 11:14:24.693486
2021-12-03,,12448.0,,,,213,12145.0,1.0,0.0,,,2022-07-14 11:14:24.693486
2021-12-04,,12452.0,,,,213,12148.0,1.0,0.0,,,2022-07-14 11:14:24.693486
2021-12-05,,12461.0,,,,213,12149.0,1.0,1.0,,,2022-07-14 11:14:24.693486
2021-12-06,,12466.0,,,,213,12151.0,1.0,1.0,,,2022-07-14 11:14:24.693486
2021-12-07,,12471.0,,,,213,12153.0,1.0,0.0,,,2022-07-14 11:14:24.693486
2021-12-08,,12471.0,,,,213,12155.0,1.0,0.0,,,2022-07-14 11:14:24.693486
2021-12-09,,12478.0,,,,213,12156.0,1.0,0.0,,,2022-07-14 11:14:24.693486
2021-12-10,,12482.0,,,,213,12159.0,1.0,0.0,,,2022-07-14 11:14:24.693486
2021-12-11,,12483.0,,,,213,12165.0,1.0,0.0,,,2022-07-14 11:14:24.693486
2021-12-12,,12488.0,,,,213,12168.0,1.0,0.0,,,2022-07-14 11:14:24.693486
2021-12-13,,12490.0,,,,213,12173.0,1.0,0.0,,,2022-07-14 11:14:24.693486
2021-12-14,,12495.0,,,,213,12180.0,1.0,0.0,,,2022-07-14 11:14:24.693486
2021-12-15,,12496.0,,,,213,12180.0,1.0,0.0,,,2022-07-14 11:14:24.693486
2021-12-16,,12506.0,,,,213,12180.0,1.0,0.0,,,2022-07-14 11:14:24.693486
2021-12-17,,12513.0,,,,213,12180.0,1.0,0.0,,,2022-07-14 11:14:24.693486
2021-12-18,,12518.0,,,,213,12182.0,1.0,0.0,,,2022-07-14 11:14:24.693486
2021-12-19,,12526.0,,,,213,12184.0,1.0,0.0,,,2022-07-14 11:14:24.693486
2021-12-20,,12533.0,,,,213,12184.0,1.0,0.0,,,2022-07-14 11:14:24.693486
2021-12-21,,12541.0,,,,213,12184.0,1.0,0.0,,,2022-07-14 11:14:24.693486
2021-12-22,,12548.0,,,,213,12184.0,1.0,0.0,,,2022-07-14 11:14:24.693486
2021-12-23,,12550.0,,,,213,12186.0,1.0,0.0,,,2022-07-14 11:14:24.693486
2021-12-24,,12555.0,,,,213,12189.0,1.0,0.0,,,2022-07-14 11:14:24.693486
2021-12-25,,12580.0,,,,213,12189.0,1.0,0.0,,,2022-07-14 11:14:24.693486
2021-12-26,,12589.0,,,,213,12189.0,1.0,0.0,,,2022-07-14 11:14:24.693486
2021-12-27,,12598.0,,,,213,12189.0,1.0,0.0,,,2022-07-14 11:14:24.693486
2021-12-28,,12604.0,,,,213,12189.0,1.0,0.0,,,2022-07-14 11:14:24.693486
2021-12-29,,12618.0,,,,213,12191.0,1.0,0.0,,,2022-07-14 11:14:24.693486
2021-12-30,,12630.0,,,,213,12196.0,1.0,0.0,,,2022-07-14 11:14:24.693486
2021-12-31,,12649.0,,,,213,12206.0,1.0,0.0,,,2022-07-14 11:14:24.693486
2022-01-01,,,,,,213,12209.0,,0.0,12667.0,,2022-07-14 11:14:24.693486
2022-01-02,,,,,,213,12214.0,,0.0,12693.0,,2022-07-14 11:14:24.693486
2022-01-03,,,,,,213,12219.0,,0.0,12722.0,,2022-07-14 11:14:24.693486
2022-01-04,,,,,,213,12228.0,,0.0,12761.0,,2022-07-14 11:14:24.693486
2022-01-05,,,,,,213,12230.0,,0.0,12799.0,,2022-07-14 11:14:24.693486
2022-01-06,,,,,,213,12235.0,,0.0,12832.0,,2022-07-14 11:14:24.693486
2022-01-07,,,,,,213,12235.0,,0.0,12865.0,,2022-07-14 11:14:24.693486
2022-01-08,,,,,,213,12243.0,,0.0,12902.0,,2022-07-14 11:14:24.693486
2022-01-09,,,,,,213,12284.0,,0.0,12935.0,,2022-07-14 11:14:24.693486
2022-01-10,,,,,,213,12296.0,,0.0,12959.0,,2022-07-14 11:14:24.693486
2022-01-11,,,,,,213,12304.0,,0.0,12980.0,,2022-07-14 11:14:24.693486
2022-01-12,,,,,,213,12316.0,,0.0,13002.0,,2022-07-14 11:14:24.693486
2022-01-13,,,,,,213,12327.0,,0.0,13016.0,,2022-07-14 11:14:24.693486
2022-01-14,,,,,,213,12339.0,,0.0,13025.0,,2022-07-14 11:14:24.693486
2022-01-15,,,,,,213,12366.0,,0.0,13030.0,,2022-07-14 11:14:24.693486
2022-01-16,,,,,,213,12393.0,,0.0,13041.0,,2022-07-14 11:14:24.693486
2022-01-17,,,,,,213,12416.0,,0.0,13048.0,,2022-07-14 11:14:24.693486
2022-01-18,,,,,,213,12446.0,,0.0,13066.0,,2022-07-14 11:14:24.693486
2022-01-19,,,,,,213,12474.0,,0.0,13082.0,,2022-07-14 11:14:24.693486
2022-01-20,,,,,,213,12493.0,,0.0,13096.0,,2022-07-14 11:14:24.693486
2022-01-21,,,,,,213,12514.0,,0.0,13120.0,,2022-07-14 11:14:24.693486
2022-01-22,,,,,,213,12541.0,,0.0,13146.0,,2022-07-14 11:14:24.693486
2022-01-23,,,,,,213,12572.0,,0.0,13286.0,,2022-07-14 11:14:24.693486
2022-01-24,,,,,,213,12602.0,,0.0,13395.0,,2022-07-14 11:14:24.693486
2022-01-25,,,,,,213,12623.0,,0.0,13519.0,,2022-07-14 11:14:24.693486
2022-01-26,,,,,,213,12655.0,,0.0,13626.0,,2022-07-14 11:14:24.693486
2022-01-27,,,,,,213,12687.0,,0.0,13790.0,,2022-07-14 11:14:24.693486
2022-01-28,,,,,,213,12710.0,,0.0,13905.0,,2022-07-14 11:14:24.693486
2022-01-29,,,,,,213,12730.0,,0.0,14024.0,,2022-07-14 11:14:24.693486
2022-01-30,,,,,,213,12752.0,,0.0,14105.0,,2022-07-14 11:14:24.693486
2022-01-31,,,,,,213,12780.0,,0.0,14197.0,,2022-07-14 11:14:24.693486
2022-02-01,,,,,,213,12806.0,,0.0,14326.0,,2022-07-14 11:14:24.693486
2022-02-02,,,,,,213,12826.0,,1.0,14442.0,,2022-07-14 11:14:24.693486
2022-02-03,,,,,,213,12880.0,,1.0,14584.0,,2022-07-14 11:14:24.693486
2022-02-04,,,,,,213,12916.0,,1.0,14715.0,,2022-07-14 11:14:24.693486
2022-02-05,,,,,,213,12987.0,,1.0,15066.0,,2022-07-14 11:14:24.693486
2022-02-06,,,,,,213,13125.0,,1.0,15408.0,,2022-07-14 11:14:24.693486
2022-02-07,,,,,,213,13232.0,,1.0,16022.0,,2022-07-14 11:14:24.693486
2022-02-08,,,,,,213,13315.0,,2.0,16647.0,,2022-07-14 11:14:24.693486
2022-02-09,,,,,,215,13436.0,,2.0,17808.0,,2022-07-14 11:14:24.693486
2022-02-10,,,,,,216,13795.0,,1.0,18794.0,,2022-07-14 11:14:24.693486
2022-02-11,,,,,,216,14037.0,,2.0,20119.0,,2022-07-14 11:14:24.693486
2022-02-12,,,,,,219,14183.0,,3.0,21633.0,,2022-07-14 11:14:24.693486
2022-02-13,,,,,,219,,,4.0,22980.0,,2022-07-14 11:14:24.693486
2022-02-14,,,,,,221,,,8.0,25051.0,,2022-07-14 11:14:24.693486
2022-02-15,,,,,,224,,,8.0,26670.0,,2022-07-14 11:14:24.693486
2022-02-16,,,,,,227,,,16.0,30955.0,,2022-07-14 11:14:24.693486
2022-02-17,,,,,,238,,,0.0,37071.0,,2022-07-14 11:14:24.693486
2022-02-18,,,,,,259,,,16.0,40700.0,,2022-07-14 11:14:24.693486
2022-02-19,,,,,,276,,,16.0,46763.0,,2022-07-14 11:14:24.693486
2022-02-20,,,,,,288,,,16.0,52830.0,,2022-07-14 11:14:24.693486
2022-02-21,,,,,,300,,,16.0,60363.0,,2022-07-14 11:14:24.693486
2022-02-22,,,,,,336,,,16.0,66574.0,,2022-07-14 11:14:24.693486
2022-02-23,,,,,,385,,,16.0,75248.0,,2022-07-14 11:14:24.693486
2022-02-24,,,,,,425,,,16.0,84046.0,,2022-07-14 11:14:24.693486
2022-02-25,,,,,,497,,,16.0,94056.0,,2022-07-14 11:14:24.693486
2022-02-26,,,,,,577,,,16.0,138955.0,29635.0,2022-07-14 11:14:24.693486
2022-02-27,,,,,,659,,,16.0,171314.0,48252.0,2022-07-14 11:14:24.693486
2022-02-28,,,,,,744,,,16.0,205780.0,69964.0,2022-07-14 11:14:24.693486
2022-03-01,,,,,,990,,,16.0,238377.0,93025.0,2022-07-14 11:14:24.693486
2022-03-02,,,,,,1168,,,16.0,293730.0,114013.0,2022-07-14 11:14:24.693486
2022-03-03,,,,,,1366,,,16.0,350557.0,134177.0,2022-07-14 11:14:24.693486
2022-03-04,,,,,,1554,,,60.0,403080.0,154336.0,2022-07-14 11:14:24.693486
2022-03-05,,,,,,1774,,,61.0,440609.0,184390.0,2022-07-14 11:14:24.693486
2022-03-06,,,,,,2007,,,61.0,471617.0,193183.0,2022-07-14 11:14:24.693486
2022-03-07,,,,,,2287,,,68.0,496767.0,204428.0,2022-07-14 11:14:24.693486
2022-03-08,,,,,,2578,,,69.0,525242.0,214704.0,2022-07-14 11:14:24.693486
2022-03-09,,,,,,2869,,,68.0,551233.0,219174.0,2022-07-14 11:14:24.693486
2022-03-10,,,,,,3150,,,71.0,575623.0,226186.0,2022-07-14 11:14:24.693486
2022-03-11,,,,,,3444,,,76.0,594511.0,236679.0,2022-07-14 11:14:24.693486
2022-03-12,,,,,,3729,,,85.0,610300.0,248537.0,2022-07-14 11:14:24.693486
2022-03-13,,,,,,3993,,,101.0,623635.0,267632.0,2022-07-14 11:14:24.693486
2022-03-14,,,,,,4279,,,104.0,635675.0,282500.0,2022-07-14 11:14:24.693486
2022-03-15,,,,,,4568,,,111.0,647631.0,298309.0,2022-07-14 11:14:24.693486
2022-03-16,,,,,,4847,,,119.0,662085.0,313127.0,2022-07-14 11:14:24.693486
2022-03-17,,,,,,5136,,,119.0,670713.0,326149.0,2022-07-14 11:14:24.693486
2022-03-18,,,,,,5401,,,115.0,678679.0,338265.0,2022-07-14 11:14:24.693486
2022-03-19,,,,,,5650,,,119.0,686207.0,347334.0,2022-07-14 11:14:24.693486
2022-03-20,,,,,,5896,,,115.0,692083.0,355607.0,2022-07-14 11:14:24.693486
2022-03-21,,,,,,6119,,,117.0,696606.0,365152.0,2022-07-14 11:14:24.693486
2022-03-22,,,,,,6364,,,114.0,700902.0,375008.0,2022-07-14 11:14:24.693486
2022-03-23,,,,,,6569,,,103.0,705152.0,382998.0,2022-07-14 11:14:24.693486
2022-03-24,,,,,,6770,,,108.0,710884.0,390340.0,2022-07-14 11:14:24.693486
2022-03-25,,,,,,6962,,,105.0,715462.0,396167.0,2022-07-14 11:14:24.693486
2022-03-26,,,,,,7101,,,105.0,719346.0,401124.0,2022-07-14 11:14:24.693486
2022-03-27,,,,,,7252,,,110.0,722901.0,405606.0,2022-07-14 11:14:24.693486
2022-03-28,,,,,,7420,,,108.0,726128.0,410064.0,2022-07-14 11:14:24.693486
2022-03-29,,,,,,7571,,,97.0,729292.0,414496.0,2022-07-14 11:14:24.693486
2022-03-30,,,,,,7706,,,89.0,732286.0,418483.0,2022-07-14 11:14:24.693486
2022-03-31,,,,,,7825,,,84.0,735145.0,422270.0,2022-07-14 11:14:24.693486
2022-04-01,,,,,,7945,,,79.0,737888.0,425350.0,2022-07-14 11:14:24.693486
2022-04-02,,,,,,8061,,,79.0,740174.0,427539.0,2022-07-14 11:14:24.693486
2022-04-03,,,,,,8172,,,78.0,742006.0,429416.0,2022-07-14 11:14:24.693486
2022-04-04,,,,,,8262,,,75.0,743595.0,430965.0,2022-07-14 11:14:24.693486
2022-04-05,,,,,,8349,,,71.0,745253.0,432561.0,2022-07-14 11:14:24.693486
2022-04-06,,,,,,8460,,,74.0,746742.0,433849.0,2022-07-14 11:14:24.693486
2022-04-07,,,,,,8557,,,75.0,748110.0,435125.0,2022-07-14 11:14:24.693486
2022-04-08,,,,,,8643,,,69.0,749337.0,436390.0,2022-07-14 11:14:24.693486
2022-04-09,,,,,,8705,,,66.0,750234.0,438028.0,2022-07-14 11:14:24.693486
2022-04-10,,,,,,8770,,,62.0,751122.0,439061.0,2022-07-14 11:14:24.693486
2022-04-11,,,,,,8827,,,60.0,751820.0,439770.0,2022-07-14 11:14:24.693486
2022-04-12,,,,,,8886,,,58.0,752555.0,440468.0,2022-07-14 11:14:24.693486
2022-04-13,,,,,,8948,,,54.0,753289.0,441006.0,2022-07-14 11:14:24.693486
2022-04-14,,,,,,9002,,,58.0,753868.0,441470.0,2022-07-14 11:14:24.693486
2022-04-15,,,,,,9069,,,56.0,754339.0,441945.0,2022-07-14 11:14:24.693486
2022-04-16,,,,,,9110,,,52.0,754788.0,442290.0,2022-07-14 11:14:24.693486
2022-04-17,,,,,,9139,,,51.0,755234.0,442591.0,2022-07-14 11:14:24.693486
2022-04-18,,,,,,9159,,,49.0,755550.0,442888.0,2022-07-14 11:14:24.693486
2022-04-19,,,,,,9176,,,50.0,755870.0,443168.0,2022-07-14 11:14:24.693486
2022-04-20,,,,,,9186,,,17.0,756200.0,443506.0,2022-07-14 11:14:24.693486
2022-04-21,,,,,,9212,,,19.0,756517.0,443817.0,2022-07-14 11:14:24.693486
2022-04-22,,,,,,9227,,,19.0,756807.0,444101.0,2022-07-14 11:14:24.693486
2022-04-23,,,,,,9236,,,16.0,757059.0,444372.0,2022-07-14 11:14:24.693486
2022-04-24,,,,,,9249,,,16.0,757280.0,444580.0,2022-07-14 11:14:24.693486
2022-04-25,,,,,,9267,,,16.0,757522.0,444769.0,2022-07-14 11:14:24.693486
2022-04-26,,,,,,9274,58804.0,,16.0,757727.0,444911.0,2022-07-14 11:14:24.693486
2022-04-27,,,,,,9282,59015.0,,16.0,757949.0,445119.0,2022-07-14 11:14:24.693486
2022-04-28,,,,,,9287,59173.0,,11.0,758155.0,445326.0,2022-07-14 11:14:24.693486
2022-04-29,,,,,,9298,59316.0,,8.0,758351.0,445496.0,2022-07-14 11:14:24.693486
2022-04-30,,,,,,9308,59504.0,,5.0,758541.0,445669.0,2022-07-14 11:14:24.693486
2022-05-01,,,,,,9313,59661.0,,5.0,758660.0,445850.0,2022-07-14 11:14:24.693486
2022-05-02,,,,,,9318,59716.0,,6.0,758780.0,446013.0,2022-07-14 11:14:24.693486
2022-05-03,,,,,,9325,59758.0,,7.0,758912.0,446171.0,2022-07-14 11:14:24.693486
2022-05-04,,,,,,9328,59864.0,,7.0,759024.0,446372.0,2022-07-14 11:14:24.693486
2022-05-05,,,,,,9333,59963.0,,4.0,759172.0,446545.0,2022-07-14 11:14:24.693486
2022-05-06,,,,,,9344,60323.0,,2.0,759316.0,446725.0,2022-07-14 11:14:24.693486
2022-05-07,,,,,,9344,60483.0,,2.0,759431.0,446888.0,2022-07-14 11:14:24.693486
2022-05-08,,,,,,9346,60600.0,,2.0,759543.0,447042.0,2022-07-14 11:14:24.693486
2022-05-09,,,,,,9347,60636.0,,2.0,759663.0,447155.0,2022-07-14 11:14:24.693486
2022-05-10,,,,,,9352,60718.0,,4.0,759801.0,447290.0,2022-07-14 11:14:24.693486
2022-05-11,,,,,,9355,60841.0,,3.0,759932.0,447439.0,2022-07-14 11:14:24.693486
2022-05-12,,,,,,9356,60972.0,,2.0,760047.0,447618.0,2022-07-14 11:14:24.693486
2022-05-13,,,,,,9359,61067.0,,0.0,760173.0,447790.0,2022-07-14 11:14:24.693486
2022-05-14,,,,,,9360,61157.0,,1.0,760289.0,447958.0,2022-07-14 11:14:24.693486
2022-05-15,,,,,,9361,61238.0,,1.0,760402.0,448104.0,2022-07-14 11:14:24.693486
2022-05-16,,,,,,9361,61277.0,,2.0,760515.0,448225.0,2022-07-14 11:14:24.693486
2022-05-17,,,,,,9361,61380.0,,2.0,760681.0,448387.0,2022-07-14 11:14:24.693486
2022-05-18,,,,,,9365,61490.0,,3.0,760808.0,448589.0,2022-07-14 11:14:24.693486
2022-05-19,,,,,,9366,61602.0,,4.0,760924.0,448764.0,2022-07-14 11:14:24.693486
2022-05-20,,,,,,9370,61702.0,,3.0,761025.0,448906.0,2022-07-14 11:14:24.693486
2022-05-21,,,,,,9370,61842.0,,3.0,761128.0,449031.0,2022-07-14 11:14:24.693486
2022-05-22,,,,,,9370,61899.0,,3.0,761222.0,449174.0,2022-07-14 11:14:24.693486
2022-05-23,,,,,,9370,61925.0,,3.0,761316.0,449270.0,2022-07-14 11:14:24.693486
2022-05-24,,,,,,9370,61988.0,,3.0,761405.0,449431.0,2022-07-14 11:14:24.693486
2022-05-25,,,,,,9372,62061.0,,2.0,761509.0,449578.0,2022-07-14 11:14:24.693486
2022-05-26,,,,,,9374,62098.0,,5.0,761620.0,449718.0,2022-07-14 11:14:24.693486
2022-05-27,,,,,,9375,62129.0,,7.0,761725.0,449863.0,2022-07-14 11:14:24.693486
2022-05-28,,,,,,9376,62163.0,,5.0,761841.0,450017.0,2022-07-14 11:14:24.693486
2022-05-29,,,,,,9376,62174.0,,4.0,761949.0,450146.0,2022-07-14 11:14:24.693486
2022-05-30,,,,,,9378,62200.0,,4.0,762074.0,450296.0,2022-07-14 11:14:24.693486
2022-05-31,,,,,,9378,62255.0,,5.0,762188.0,450511.0,2022-07-14 11:14:24.693486
2022-06-01,,,,,,9379,62317.0,,5.0,762339.0,450865.0,2022-07-14 11:14:24.693486
2022-06-02,,,,,,9380,62381.0,,7.0,762509.0,451184.0,2022-07-14 11:14:24.693486
2022-06-03,,,,,,9382,62437.0,,6.0,762708.0,451484.0,2022-07-14 11:14:24.693486
2022-06-04,,,,,,9382,62485.0,,6.0,762884.0,451754.0,2022-07-14 11:14:24.693486
2022-06-05,,,,,,9386,62510.0,,5.0,763020.0,452133.0,2022-07-14 11:14:24.693486
2022-06-06,,,,,,9386,62526.0,,6.0,763231.0,452465.0,2022-07-14 11:14:24.693486
2022-06-07,,,,,,9389,62575.0,,6.0,763462.0,452473.0,2022-07-14 11:14:24.693486
2022-06-08,,,,,,9389,62644.0,,4.0,763719.0,452509.0,2022-07-14 11:14:24.693486
2022-06-09,,,,,,9390,62691.0,,3.0,764051.0,452791.0,2022-07-14 11:14:24.693486
2022-06-10,,,,,,9390,62751.0,,3.0,764342.0,453168.0,2022-07-14 11:14:24.693486
2022-06-11,,,,,,9390,62810.0,,3.0,764702.0,453659.0,2022-07-14 11:14:24.693486
2022-06-12,,,,,,9390,62861.0,,3.0,765066.0,454109.0,2022-07-14 11:14:24.693486
2022-06-13,,,,,,9390,62896.0,,3.0,765371.0,454541.0,2022-07-14 11:14:24.693486
2022-06-14,,,,,,9391,62950.0,,2.0,765790.0,454971.0,2022-07-14 11:14:24.693486
2022-06-15,,,,,,9392,63002.0,,4.0,766319.0,455489.0,2022-07-14 11:14:24.693486
2022-06-16,,,,,,9392,63056.0,,3.0,766805.0,456182.0,2022-07-14 11:14:24.693486
2022-06-17,,,,,,9393,63122.0,,3.0,767290.0,456842.0,2022-07-14 11:14:24.693486
2022-06-18,,,,,,9393,63191.0,,3.0,767819.0,457589.0,2022-07-14 11:14:24.693486
2022-06-19,,,,,,9395,63224.0,,2.0,768318.0,458366.0,2022-07-14 11:14:24.693486
2022-06-20,,,,,,9396,63253.0,,3.0,768867.0,459144.0,2022-07-14 11:14:24.693486
2022-06-21,,,,,,9396,63312.0,,2.0,769394.0,459815.0,2022-07-14 11:14:24.693486
2022-06-22,,,,,,9397,63399.0,,3.0,770078.0,460578.0,2022-07-14 11:14:24.693486
2022-06-23,,,,,,9398,63466.0,,3.0,770730.0,461576.0,2022-07-14 11:14:24.693486
2022-06-24,,,,,,9398,63527.0,,2.0,771444.0,462722.0,2022-07-14 11:14:24.693486
2022-06-25,,,,,,9398,63620.0,,3.0,772157.0,463803.0,2022-07-14 11:14:24.693486
2022-06-26,,,,,,9398,63682.0,,3.0,772880.0,464997.0,2022-07-14 11:14:24.693486
2022-06-27,,,,,,9398,63734.0,,3.0,773610.0,466140.0,2022-07-14 11:14:24.693486
2022-06-28,,,,,,9399,63798.0,,3.0,774332.0,467103.0,2022-07-14 11:14:24.693486
2022-06-29,,,,,,9399,63877.0,,3.0,775236.0,468203.0,2022-07-14 11:14:24.693486
2022-06-30,,,,,,9401,63964.0,,3.0,776182.0,469615.0,2022-07-14 11:14:24.693486
2022-07-01,,,,,,9402,64069.0,,3.0,777071.0,471044.0,2022-07-14 11:14:24.693486
2022-07-02,,,,,,9405,64131.0,,3.0,777911.0,472431.0,2022-07-14 11:14:24.693486
2022-07-03,,,,,,9405,64171.0,,2.0,778454.0,473716.0,2022-07-14 11:14:24.693486
2022-07-04,,,,,,9405,64265.0,,3.0,778913.0,475098.0,2022-07-14 11:14:24.693486
2022-07-05,,,,,,9405,64356.0,,1.0,779826.0,476453.0,2022-07-14 11:14:24.693486
2022-07-06,,,,,,9406,64471.0,,2.0,780965.0,478129.0,2022-07-14 11:14:24.693486
2022-07-07,,,,,,9407,64590.0,,1.0,782062.0,480060.0,2022-07-14 11:14:24.693486
2022-07-08,,,,,,9410,64707.0,,3.0,783216.0,481851.0,2022-07-14 11:14:24.693486
2022-07-09,,,,,,9410,64819.0,,4.0,784488.0,483574.0,2022-07-14 11:14:24.693486
2022-07-10,,,,,,9412,64919.0,,5.0,785877.0,485177.0,2022-07-14 11:14:24.693486
2022-07-11,,,,,,9419,65009.0,,5.0,787142.0,486775.0,2022-07-14 11:14:24.693486
2022-07-12,,,,,,9420,65117.0,,5.0,788445.0,488241.0,2022-07-14 11:14:24.693486
2022-07-13,,,,,,9422,65222.0,,9.0,790024.0,489816.0,2022-07-14 11:14:24.693486
